Workbook

Sheet particle parameters
A1: JÖRMUNGANDR v.42
A2: Created by Dr. Marc Fries, Named by Mr. Wyatt Fries
A4: Starting at 0,0 final position is: | B4: Starting Position | E4: Displacement from Starting Position
A5: With wind: | B5: E | C5: N | H5: Terminus point
B6: 434097 | C6: 4577553 | E6: X (m) | F6: Y (m) | H6: 439034.5 | I6: 4590080.6
B7: End Position | C7: (UTM) | E7: ='lateral displacement'!AA12 -> 2927.6492 | F7: ='lateral displacement'!AC12 -> 8885.3942
B8: =B6+E7 -> 437024.65 | C8: =C6+F7 -> 4586438.4 | E8: X (mi) | F8: Y (mi)
B9: (Back-Calculation) | C9: (Back-Calculation) | E9: =E7*0.000621371192 -> 1.8191569 | F9: =F7*0.000621371192 -> 5.521128 | H9: m | I9: t
B10: =B6-E7 -> 431169.35 | C10: =C6-F7 -> 4568667.6 | H10: 10 | I10: 21
H11: 5 | I11: 25.7
A12: Total fall time | B12: ='vertical grid'!G13 -> 44.298438 | C12: s | D12: 217 | F12: volume (cm^3) | H12: 1 | I12: 38.3
A13: Max Fall Velocity (Vz): | B13: =Vz!AR4 -> 2555.1808 | C13: m/s | F13: =B21/$B$16 -> 301.20482 | H13: 0.5 | I13: 45.1
B14: =B13*2.2369363 -> 5715.7767 | C14: mph | F14: r (cm) | H14: 0.1 | I14: 64.5
F15: =(F13/4.1866667)^(1/3) -> 4.1590854
A16: Density | B16: 3.32 | C16: g/cm^3 | F16: r (m) | H16: 3000000 | I16: a
F17: =F15/100 -> 0.041590854 | H17: -4.108 | I17: b
A18: Low altitude value (bottom of range): | B18: 6670 | C18: m | F18: cross section (m^2)
A19: High altitude value (top of range): | B19: 16000 | C19: m | F19: =3.14*(F17^2) -> 0.0054315694 | H19: m | I19: t
H20: =H16*(I20^H17) -> 0.003964802 | I20: 145
A21: Meteorite mass | B21: 1000 | C21: g | E21: Typical density values (g/cc):
E22: H | F22: 3.4
E23: L | F23: 3.35
A24: Initial direction | B24: 3 | C24: compass degrees | E24: LL | F24: 3.21
A25: Initial velocity | B25: 3000 | C25: m/s | E25: (OC ave) | F25: 3.32
A26: Angle below horizontal | B26: 58.4 | E26: CI | F26: 2.11 | H26: 58.4 | I26: degrees in fireball
E27: CM | F27: 2.12
A28: Initial velocity | E28: CR | F28: 3.1
A29: X-Y Multiplier due to descent angle | B29: =COS(RADIANS(B26)) -> 0.52398591 | E29: CO | F29: 2.95
A30: Z multiplier | B30: =B33/B25 -> -0.85172693 | E30: CV | F30: 2.95
A31: Xi (m/s) | B31: =(SIN(RADIANS((B24)))*(B25*B29)) -> 82.26991 | E31: (CC ave) | F31: 3.01
A32: Yi (m/s) | B32: =(COS(RADIANS((B24)))*(B25*B29)) -> 1569.8034 | E32: EH | F32: 3.72
A33: Zi (m/s) | B33: =-(SIN(RADIANS(B26)))*B25 -> -2555.1808 | E33: EL | F33: 3.55
E34: (achondrites) | F34: 3.11
E35: Iron | F35: 7.5
A36: Sound travel time from terminus to ground | B36: =SUM(Vz!F:F) -> 96.276207 | C36: s | E36: Source:
A37: Use balloon data to the terminus altitude | B37: -OR- | E37: http://meteorites.wustl.edu/id/density.htm
B38: =ROUNDDOWN(B36/60,0) -> 1 | C38: min
B39: =B36-(B38*60) -> 36.276207 | C39: sec | E39: Average angle below horizontal
E40: 40.4 degrees
A41: Average speed of sound through column | B41: =AVERAGE(Vz!O:O) -> 318.85198 | C41: m/s
A42: Stdev | B42: =STDEV(Vz!O:O) -> 16.257423
A46: This set of calculations assumes that we are working with a sphere of the density given at the top of the page
A47: Meteors are no longer optically bright when they slow down to 2-4 km/s.
A48: GREEN values are READOUTS
A49: RED values are INPUTS

Sheet Timing Altitude
D1: Beam Width (deg) | H1: ` | O1: HH | P1: MM | Q1: SS
D2: 235.5m (short pulse) | N2: Fireball End | O2: 5 | P2: 50 | Q2: 15 | R2: assuming ~1s flight time to first radar return
A3: RADAR | B3: SWEEP | C3: Beam Angle (deg) | D3: 675 m (VCP 31 only) | E3: Est. Mass (g) | F3: Azimuth (deg) | G3: Distance (nmi) | H3: Refl Alt (m) | I3: Radar Alt (m) | J3: Ground Alt (m)* | K3: Refl AGL (m)* | L3: Refl ASL (m) | M3: Time from HDF (msec since midnight) | N3: s since midnight | O3: HH | P3: MM | Q3: SS | R3: Difference | S3: MM | T3: SS | U3: Area of return (m^2) | V3: n | W3: Meteorites per area (m^2) | X3: Per square 10m | Y3: Per square km | AA3: area of oval
R4: =($O$2*3600)+($P$2*60)+$Q$2 -> 21015 | S4: =ROUNDDOWN((R4/60),0) -> 350 | T4: =ROUNDDOWN(R4-(S4*60),1) -> 15 | AA4: long axis | AB4: 5850 | AC4: m
A5: KMKX 0546 | B5: 4.2 | C5: 0.96 | D5: 235.5 | E5: (all masses) | F5: 158 | G5: 97.024 | H5: 15258 | I5: 260 | J5: 218 | K5: =L5-J5 -> 15300 | L5: =H5+I5 -> 15518 | M5: 21016199 | N5: =M5/1000 -> 21016.199 | O5: =ROUNDDOWN(N5/(3600),0) -> 5 | P5: =ROUNDDOWN(((N5-(O5*3600))/60),0) -> 50 | Q5: =N5-(O5*3600)-(P5*60) -> 16.199 | R5: =ROUNDDOWN(N5-$R$4,0) -> 1 | S5: =ROUNDDOWN((R5/60),0) -> 0 | T5: =ROUNDDOWN(R5-(S5*60),1) -> 1
A6: KIND 0544 | B6: 2.48 | C6: 0.96 | D6: 235.5 | E6: 0.099 | F6: 329.5 | G6: 126.2 | H6: 13608 | I6: 216 | J6: 218 | K6: =L6-J6 -> 13606 | L6: =H6+I6 -> 13824 | M6: 21061743 | N6: =M6/1000 -> 21061.743 | O6: =ROUNDDOWN(N6/(3600),0) -> 5 | P6: =ROUNDDOWN(((N6-(O6*3600))/60),0) -> 51 | Q6: =N6-(O6*3600)-(P6*60) -> 1.743 | R6: =ROUNDDOWN(N6-$R$4,0) -> 46 | S6: =ROUNDDOWN((R6/60),0) -> 0 | T6: =ROUNDDOWN(R6-(S6*60),1) -> 46 | W6: =V6/U6 -> #DIV/0! | X6: =W6*100 -> #DIV/0! | Y6: =W6*1000000 -> #DIV/0! | AA6: short axis | AB6: 1185 | AC6: m
A7: KIWX 0548 | B7: 2.38 | C7: 0.96 | D7: 235.5 | E7: 7.9 | F7: 277.25 | G7: 91.601 | H7: 8929 | I7: 260 | J7: 218 | K7: =L7-J7 -> 8971 | L7: =H7+I7 -> 9189 | M7: 21091876 | N7: =M7/1000 -> 21091.876 | O7: =ROUNDDOWN(N7/(3600),0) -> 5 | P7: =ROUNDDOWN(((N7-(O7*3600))/60),0) -> 51 | Q7: =N7-(O7*3600)-(P7*60) -> 31.876 | R7: =ROUNDDOWN(N7-$R$4,0) -> 76 | S7: =ROUNDDOWN((R7/60),0) -> 1 | T7: =ROUNDDOWN(R7-(S7*60),1) -> 16 | W7: =V7/U7 -> #DIV/0! | X7: =W7*100 -> #DIV/0! | Y7: =W7*1000000 -> #DIV/0! | AA7: area | AB7: =PI()*(AB6/2)*(AB5/2) -> 0 | AC7: m^2
A8: KILX 0544 | B8: 3.39 | C8: 0.96 | D8: 235.5 | E8: 0.009 | F8: 43 | G8: 108.508 | H8: 14501 | I8: 194 | J8: 218 | K8: =L8-J8 -> 14477 | L8: =H8+I8 -> 14695 | M8: 21106310 | N8: =M8/1000 -> 21106.31 | O8: =ROUNDDOWN(N8/(3600),0) -> 5 | P8: =ROUNDDOWN(((N8-(O8*3600))/60),0) -> 51 | Q8: =N8-(O8*3600)-(P8*60) -> 46.31 | R8: =ROUNDDOWN(N8-$R$4,0) -> 91 | S8: =ROUNDDOWN((R8/60),0) -> 1 | T8: =ROUNDDOWN(R8-(S8*60),1) -> 31 | W8: =V8/U8 -> #DIV/0! | X8: =W8*100 -> #DIV/0! | Y8: =W8*1000000 -> #DIV/0!
A9: KLOT 0547 | B9: 9.91 | C9: 0.96 | D9: 235.5 | E9: 36 | F9: 112 | G9: 20.053 | H9: 6449 | I9: 221 | J9: 218 | K9: =L9-J9 -> 6452 | L9: =H9+I9 -> 6670 | M9: 21106429 | N9: =M9/1000 -> 21106.429 | O9: =ROUNDDOWN(N9/(3600),0) -> 5 | P9: =ROUNDDOWN(((N9-(O9*3600))/60),0) -> 51 | Q9: =N9-(O9*3600)-(P9*60) -> 46.429 | R9: =ROUNDDOWN(N9-$R$4,0) -> 91 | S9: =ROUNDDOWN((R9/60),0) -> 1 | T9: =ROUNDDOWN(R9-(S9*60),1) -> 31 | W9: =V9/U9 -> #DIV/0! | X9: =W9*100 -> #DIV/0! | Y9: =W9*1000000 -> #DIV/0!
A10: KIWX 0548 | B10: 3.39 | C10: 0.96 | D10: 235.5 | E10: 0.07 | F10: 276 | G10: 91.803 | H10: 11914 | I10: 260 | J10: 218 | K10: =L10-J10 -> 11956 | L10: =H10+I10 -> 12174 | M10: 21124936 | N10: =M10/1000 -> 21124.936 | O10: =ROUNDDOWN(N10/(3600),0) -> 5 | P10: =ROUNDDOWN(((N10-(O10*3600))/60),0) -> 52 | Q10: =N10-(O10*3600)-(P10*60) -> 4.936 | R10: =ROUNDDOWN(N10-$R$4,0) -> 109 | S10: =ROUNDDOWN((R10/60),0) -> 1 | T10: =ROUNDDOWN(R10-(S10*60),1) -> 49 | W10: =V10/U10 -> #DIV/0! | X10: =W10*100 -> #DIV/0! | Y10: =W10*1000000 -> #DIV/0!
A11: KGRR 0550 | B11: 1.5 | C11: 0.96 | D11: 235.5 | E11: 0.388 | F11: 230 | G11: 128.084 | H11: 9854 | I11: 244 | J11: 218 | K11: =L11-J11 -> 9880 | L11: =H11+I11 -> 10098 | M11: 21128113 | N11: =M11/1000 -> 21128.113 | O11: =ROUNDDOWN(N11/(3600),0) -> 5 | P11: =ROUNDDOWN(((N11-(O11*3600))/60),0) -> 52 | Q11: =N11-(O11*3600)-(P11*60) -> 8.113 | R11: =ROUNDDOWN(N11-$R$4,0) -> 113 | S11: =ROUNDDOWN((R11/60),0) -> 1 | T11: =ROUNDDOWN(R11-(S11*60),1) -> 53 | W11: =V11/U11 -> #DIV/0! | X11: =W11*100 -> #DIV/0! | Y11: =W11*1000000 -> #DIV/0!
A12: KLOT 0547 | B12: 14.62 | C12: 0.96 | D12: 235.5 | E12: 0.46 | F12: 114.5 | G12: 20.037 | H12: 9498 | I12: 221 | J12: 218 | K12: =L12-J12 -> 9501 | L12: =H12+I12 -> 9719 | M12: 21133554 | N12: =M12/1000 -> 21133.554 | O12: =ROUNDDOWN(N12/(3600),0) -> 5 | P12: =ROUNDDOWN(((N12-(O12*3600))/60),0) -> 52 | Q12: =N12-(O12*3600)-(P12*60) -> 13.554 | R12: =ROUNDDOWN(N12-$R$4,0) -> 118 | S12: =ROUNDDOWN((R12/60),0) -> 1 | T12: =ROUNDDOWN(R12-(S12*60),1) -> 58 | W12: =V12/U12 -> #DIV/0! | X12: =W12*100 -> #DIV/0! | Y12: =W12*1000000 -> #DIV/0!
A13: KLOT 0547 | B13: 19.49 | C13: 0.96 | D13: 235.5 | E13: 0.004 | F13: 118.5 | G13: 20.57 | H13: 12780 | I13: 221 | J13: 218 | K13: =L13-J13 -> 12783 | L13: =H13+I13 -> 13001 | M13: 21160539 | N13: =M13/1000 -> 21160.539 | O13: =ROUNDDOWN(N13/(3600),0) -> 5 | P13: =ROUNDDOWN(((N13-(O13*3600))/60),0) -> 52 | Q13: =N13-(O13*3600)-(P13*60) -> 40.539 | R13: =ROUNDDOWN(N13-$R$4,0) -> 145 | S13: =ROUNDDOWN((R13/60),0) -> 2 | T13: =ROUNDDOWN(R13-(S13*60),1) -> 25 | W13: =V13/U13 -> #DIV/0! | X13: =W13*100 -> #DIV/0! | Y13: =W13*1000000 -> #DIV/0!
A14: KMKX 0552 | B14: 1.43 | C14: 0.96 | D14: 235.5 | E14: 0.23 | F14: 156 | G14: 99.694 | H14: 6834 | I14: 260 | J14: 218 | K14: =L14-J14 -> 6876 | L14: =H14+I14 -> 7094 | M14: 21232616 | N14: =M14/1000 -> 21232.616 | O14: =ROUNDDOWN(N14/(3600),0) -> 5 | P14: =ROUNDDOWN(((N14-(O14*3600))/60),0) -> 53 | Q14: =N14-(O14*3600)-(P14*60) -> 52.616 | R14: =ROUNDDOWN(N14-$R$4,0) -> 217 | S14: =ROUNDDOWN((R14/60),0) -> 3 | T14: =ROUNDDOWN(R14-(S14*60),1) -> 37
A15: KLOT 0553 | B15: 5.99 | C15: 0.96 | D15: 235.5 | E15: 0.051 | F15: 116.5 | G15: 24.095 | H15: 4769 | I15: 221 | J15: 218 | K15: =L15-J15 -> 4772 | L15: =H15+I15 -> 4990 | M15: 21426860 | N15: =M15/1000 -> 21426.86 | O15: =ROUNDDOWN(N15/(3600),0) -> 5 | P15: =ROUNDDOWN(((N15-(O15*3600))/60),0) -> 57 | Q15: =N15-(O15*3600)-(P15*60) -> 6.86 | R15: =ROUNDDOWN(N15-$R$4,0) -> 411 | S15: =ROUNDDOWN((R15/60),0) -> 6 | T15: =ROUNDDOWN(R15-(S15*60),1) -> 51 | W15: =V15/U15 -> #DIV/0! | X15: =W15*100 -> #DIV/0! | Y15: =W15*1000000 -> #DIV/0!
A16: KIWX 0554 | B16: 2.38 | C16: 0.96 | D16: 235.5 | E16: 0.001 | F16: 267 | G16: 93.57 | H16: 9141 | I16: 260 | J16: 218 | K16: =L16-J16 -> 9183 | L16: =H16+I16 -> 9401 | M16: 21440510 | N16: =M16/1000 -> 21440.51 | O16: =ROUNDDOWN(N16/(3600),0) -> 5 | P16: =ROUNDDOWN(((N16-(O16*3600))/60),0) -> 57 | Q16: =N16-(O16*3600)-(P16*60) -> 20.51 | R16: =ROUNDDOWN(N16-$R$4,0) -> 425 | S16: =ROUNDDOWN((R16/60),0) -> 7 | T16: =ROUNDDOWN(R16-(S16*60),1) -> 5 | W16: =V16/U16 -> #DIV/0! | X16: =W16*100 -> #DIV/0! | Y16: =W16*1000000 -> #DIV/0!
A17: KLOT 0553 | B17: 9.91 | C17: 0.96 | D17: 235.5 | E17: 0.002 | F17: 117.5 | G17: 24.34 | H17: 7881 | I17: 221 | J17: 218 | K17: =L17-J17 -> 7884 | L17: =H17+I17 -> 8102 | M17: 21458541 | N17: =M17/1000 -> 21458.541 | O17: =ROUNDDOWN(N17/(3600),0) -> 5 | P17: =ROUNDDOWN(((N17-(O17*3600))/60),0) -> 57 | Q17: =N17-(O17*3600)-(P17*60) -> 38.541 | R17: =ROUNDDOWN(N17-$R$4,0) -> 443 | S17: =ROUNDDOWN((R17/60),0) -> 7 | T17: =ROUNDDOWN(R17-(S17*60),1) -> 23 | W17: =V17/U17 -> #DIV/0! | X17: =W17*100 -> #DIV/0! | Y17: =W17*1000000 -> #DIV/0!
K18: =L18-J18 -> 0 | L18: =H18+I18 -> 0 | N18: =M18/1000 -> 0 | O18: =ROUNDDOWN(N18/(3600),0) -> 0 | P18: =ROUNDDOWN(((N18-(O18*3600))/60),0) -> 0 | Q18: =N18-(O18*3600)-(P18*60) -> 0 | R18: =ROUNDDOWN(N18-$R$4,0) -> -21015 | S18: =ROUNDDOWN((R18/60),0) -> -350 | T18: =ROUNDDOWN(R18-(S18*60),1) -> -15
K19: =L19-J19 -> 0 | L19: =H19+I19 -> 0 | N19: =M19/1000 -> 0 | O19: =ROUNDDOWN(N19/(3600),0) -> 0 | P19: =ROUNDDOWN(((N19-(O19*3600))/60),0) -> 0 | Q19: =N19-(O19*3600)-(P19*60) -> 0 | R19: =ROUNDDOWN(N19-$R$4,0) -> -21015 | S19: =ROUNDDOWN((R19/60),0) -> -350 | T19: =ROUNDDOWN(R19-(S19*60),1) -> -15
K20: =L20-J20 -> 0 | L20: =H20+I20 -> 0 | N20: =M20/1000 -> 0 | O20: =ROUNDDOWN(N20/(3600),0) -> 0 | P20: =ROUNDDOWN(((N20-(O20*3600))/60),0) -> 0 | Q20: =N20-(O20*3600)-(P20*60) -> 0 | R20: =ROUNDDOWN(N20-$R$4,0) -> -21015 | S20: =ROUNDDOWN((R20/60),0) -> -350 | T20: =ROUNDDOWN(R20-(S20*60),1) -> -15
K21: =L21-J21 -> 0 | L21: =H21+I21 -> 0 | N21: =M21/1000 -> 0 | O21: =ROUNDDOWN(N21/(3600),0) -> 0 | P21: =ROUNDDOWN(((N21-(O21*3600))/60),0) -> 0 | Q21: =N21-(O21*3600)-(P21*60) -> 0 | R21: =ROUNDDOWN(N21-$R$4,0) -> -21015 | S21: =ROUNDDOWN((R21/60),0) -> -350 | T21: =ROUNDDOWN(R21-(S21*60),1) -> -15
A22: uncertain | K22: =L22-J22 -> 0 | L22: =H22+I22 -> 0 | N22: =M22/1000 -> 0 | O22: =ROUNDDOWN(N22/(3600),0) -> 0 | P22: =ROUNDDOWN(((N22-(O22*3600))/60),0) -> 0 | Q22: =N22-(O22*3600)-(P22*60) -> 0 | R22: =ROUNDDOWN(N22-$R$4,0) -> -21015 | S22: =ROUNDDOWN((R22/60),0) -> -350 | T22: =ROUNDDOWN(R22-(S22*60),1) -> -15
K23: =L23-J23 -> 0 | L23: =H23+I23 -> 0 | N23: =M23/1000 -> 0 | O23: =ROUNDDOWN(N23/(3600),0) -> 0 | P23: =ROUNDDOWN(((N23-(O23*3600))/60),0) -> 0 | Q23: =N23-(O23*3600)-(P23*60) -> 0 | R23: =ROUNDDOWN(N23-$R$4,0) -> -21015 | S23: =ROUNDDOWN((R23/60),0) -> -350 | T23: =ROUNDDOWN(R23-(S23*60),1) -> -15
K24: =L24-J24 -> 0 | L24: =H24+I24 -> 0 | N24: =M24/1000 -> 0 | O24: =ROUNDDOWN(N24/(3600),0) -> 0 | P24: =ROUNDDOWN(((N24-(O24*3600))/60),0) -> 0 | Q24: =N24-(O24*3600)-(P24*60) -> 0 | R24: =ROUNDDOWN(N24-$R$4,0) -> -21015 | S24: =ROUNDDOWN((R24/60),0) -> -350 | T24: =ROUNDDOWN(R24-(S24*60),1) -> -15
Z27: y=3246.4x^-1.818
Z28: Mass (g) | AA28: Density (calc, meteorites per sq km) | AE28: Mets per sq 10m
Z29: 0.1 | AA29: =3246.4*(Z29^-1.818) -> 213502.04 | AE29: =AA29*0.0001 -> 21.350204
Z30: 1 | AA30: =3246.4*(Z30^-1.818) -> 3246.4 | AE30: =AA30*0.0001 -> 0.32464
Z31: 5 | AA31: =3246.4*(Z31^-1.818) -> 174.05021 | AE31: =AA31*0.0001 -> 0.017405021
Z32: 10 | AA32: =3246.4*(Z32^-1.818) -> 49.363055 | AE32: =AA32*0.0001 -> 0.0049363055
Z33: 50 | AA33: =3246.4*(Z33^-1.818) -> 2.6465162 | AE33: =AA33*0.0001 -> 0.00026465162
Z34: 100 | AA34: =3246.4*(Z34^-1.818) -> 0.75058871 | AE34: =AA34*0.0001 -> 7.5058871e-05
Z35: 500 | AA35: =3246.4*(Z35^-1.818) -> 0.040241537 | AE35: =AA35*0.0001 -> 4.0241537e-06
Z36: 1000 | AA36: =3246.4*(Z36^-1.818) -> 0.011413058 | AE36: =AA36*0.0001 -> 1.1413058e-06
Z37: 5000 | AA37: =3246.4*(Z37^-1.818) -> 0.0006118917 | AE37: =AA37*0.0001 -> 6.118917e-08
Z38: 10000 | AA38: =3246.4*(Z38^-1.818) -> 0.00017354097 | AE38: =AA38*0.0001 -> 1.7354097e-08

Sheet Sound Travel
A1: Seismometer geometry | B1: a: Length along ground (m) | C1: b: Altitude (m) | D1: c: Hypoteneuse (m) | E1: Actual multiple | F1: theta (deg) | G1: sin theta | I1: Altitude | K1: delta-Altitude | L1: =IF('vertical grid'!B1>($C$2),0,'vertical grid'!D1) -> 25.333333 | M1: end of data | N1: 0 | O1: Speed of sound | P1: =N1*Y1 -> 0 | Q1: Slant distance per altitude segment | R1: First seismometer | S1: =L1/$G$2 -> 124.21086 | T1: Second seismometer | U1: =L1/$G$3 -> 50.35121 | V1: Third seismometer | W1: =L1/$G$4 -> 74.824028 | X1: Speed of sound | Y1: =Vz!O1 -> 339.21061 | Z1: Time per slant distance | AB1: First seismometer | AC1: =S1/Y1 -> 0.36617622 | AD1: Total time | AE1: =SUM(AC1:AC600)+AA25 -> 569.96801 | AF1: Second seismometer | AG1: =U1/Y1 -> 0.14843642 | AH1: Total time | AI1: =SUM(AG1:AG600)+AA26 -> 231.04726 | AJ1: Third seismometer | AK1: =W1/Y1 -> 0.2205828 | AL1: Total time | AM1: =SUM(AK1:AK600)+AA26 -> 324.05318
B2: 168000 | C2: 35000 | D2: =SQRT((C2*C2)+(B2*B2)) -> 171607.11 | E2: =D2/D2 -> 1 | F2: =DEGREES(ACOS(B2/D2)) -> 11.768289 | G2: =C2/D2 -> 0.20395425 | I2: (m) | K2: (m) | L2: =IF('vertical grid'!B2>($C$2),0,'vertical grid'!D2) -> 25.333333 | N2: =IF(L3=0,IF(L2>0,1,0),0) -> 0 | O2: EOF tally (m/s) | P2: =N2*Y2 -> 0 | Q2: (m) | S2: =L2/$G$2 -> 124.21086 | U2: =L2/$G$3 -> 50.35121 | W2: =L2/$G$4 -> 74.824028 | X2: (m/s) | Y2: =Vz!O2 -> 338.79575 | Z2: (s) | AC2: =S2/Y2 -> 0.36662462 | AD2: (s) | AG2: =U2/Y2 -> 0.14861819 | AH2: (s) | AK2: =W2/Y2 -> 0.22085291 | AL2: (s)
B3: 60118 | C3: - | D3: =SQRT((C2*C2)+(B3*B3)) -> 69564.171 | E3: =D3/D2 -> 0.40536882 | F3: =DEGREES(ACOS(B3/D3)) -> 30.207466 | G3: =C2/D3 -> 0.50313257 | L3: =IF('vertical grid'!B3>($C$2),0,'vertical grid'!D3) -> 25.333333 | N3: =IF(L4=0,IF(L3>0,1,0),0) -> 0 | P3: =N3*Y3 -> 0 | S3: =L3/$G$2 -> 124.21086 | U3: =L3/$G$3 -> 50.35121 | W3: =L3/$G$4 -> 74.824028 | Y3: =Vz!O3 -> 338.79575 | AC3: =S3/Y3 -> 0.36662462 | AG3: =U3/Y3 -> 0.14861819 | AK3: =W3/Y3 -> 0.22085291
B4: 97270 | C4: - | D4: =SQRT((C2*C2)+(B4*B4)) -> 103375.3 | E4: =D4/D2 -> 0.60239521 | F4: =DEGREES(ACOS(B4/D4)) -> 19.789907 | G4: =C2/D4 -> 0.33857217 | K4: Total alt | L4: =IF('vertical grid'!B4>($C$2),0,'vertical grid'!D4) -> 25.333333 | N4: =IF(L5=0,IF(L4>0,1,0),0) -> 0 | O4: Speed of sound at | P4: =N4*Y4 -> 0 | Q4: Total slant distance (km) | S4: =L4/$G$2 -> 124.21086 | U4: =L4/$G$3 -> 50.35121 | W4: =L4/$G$4 -> 74.824028 | Y4: =Vz!O4 -> 338.79575 | Z4: Missing due to sampling | AC4: =S4/Y4 -> 0.36662462 | AG4: =U4/Y4 -> 0.14861819 | AK4: =W4/Y4 -> 0.22085291
K5: (km) | L5: =IF('vertical grid'!B5>($C$2),0,'vertical grid'!D5) -> 101.66667 | N5: =IF(L6=0,IF(L5>0,1,0),0) -> 0 | O5: fireball terminus (m/s) | P5: =N5*Y5 -> 0 | S5: =L5/$G$2 -> 498.47779 | U5: =L5/$G$3 -> 202.06735 | W5: =L5/$G$4 -> 300.28064 | Y5: =Vz!O5 -> 337.13118 | Z5: error in RAOB (m) | AC5: =S5/Y5 -> 1.478587 | AD5: Min | AE5: =ROUNDDOWN(AE1/60,0) -> 9 | AG5: =U5/Y5 -> 0.59937308 | AH5: Min | AI5: =ROUNDDOWN(AI1/60,0) -> 3 | AK5: =W5/Y5 -> 0.89069375 | AL5: Min | AM5: =ROUNDDOWN(AM1/60,0) -> 5
A6: Arrival time at seismometers | G6: Distance along | L6: =IF('vertical grid'!B6>($C$2),0,'vertical grid'!D6) -> 101.66667 | N6: =IF(L7=0,IF(L6>0,1,0),0) -> 0 | P6: =N6*Y6 -> 0 | Q6: First seismometer | R6: =K7/G2 -> 142.46986 | S6: =L6/$G$2 -> 498.47779 | U6: =L6/$G$3 -> 202.06735 | W6: =L6/$G$4 -> 300.28064 | Y6: =Vz!O6 -> 337.13118 | Z6: First seismometer | AA6: =D2-(R6*1000) -> 29137.253 | AC6: =S6/Y6 -> 1.478587 | AG6: =U6/Y6 -> 0.59937308 | AK6: =W6/Y6 -> 0.89069375
A7: (nearest seismometer first) | E7: Total sec since | F7: Arrival time | G7: ground first | K7: =(SUM(L1:L600)/1000) -> 29.057333 | L7: =IF('vertical grid'!B7>($C$2),0,'vertical grid'!D7) -> 101.66667 | N7: =IF(L8=0,IF(L7>0,1,0),0) -> 0 | O7: =SUM(P1:P600) -> 297.56193 | P7: =N7*Y7 -> 0 | Q7: Second seismometer | R7: =K7/G3 -> 57.752838 | S7: =L7/$G$2 -> 498.47779 | U7: =L7/$G$3 -> 202.06735 | W7: =L7/$G$4 -> 300.28064 | Y7: =Vz!O7 -> 337.13118 | Z7: Second seismometer | AA7: =D3-(R7*1000) -> 11811.334 | AC7: =S7/Y7 -> 1.478587 | AD7: Sec | AE7: =AE1-(AE5*60) -> 29.968006 | AG7: =U7/Y7 -> 0.59937308 | AH7: Sec | AI7: =AI1-(AI5*60) -> 51.047258 | AK7: =W7/Y7 -> 0.89069375 | AL7: Sec | AM7: =AM1-(AM5*60) -> 24.053181
B8: HH | C8: MM | D8: SS | E8: midnight | F8: multipler | G8: Estimate (km) | L8: =IF('vertical grid'!B8>($C$2),0,'vertical grid'!D8) -> 55.333333 | N8: =IF(L9=0,IF(L8>0,1,0),0) -> 0 | P8: =N8*Y8 -> 0 | Q8: Third seismometer | R8: =K7/G4 -> 85.82316 | S8: =L8/$G$2 -> 271.30267 | U8: =L8/$G$3 -> 109.97764 | W8: =L8/$G$4 -> 163.43143 | Y8: =Vz!O8 -> 336.23606 | Z8: Third seismometer | AA8: =D4-(R8*1000) -> 17552.142 | AC8: =S8/Y8 -> 0.80688153 | AG8: =U8/Y8 -> 0.32708461 | AK8: =W8/Y8 -> 0.48606157
A9: G65A | B9: 1 | C9: 15 | D9: 10 | E9: =D9+(C9*60)+(B9*3600) -> 4510 | F9: 1 | G9: =(F9*(SQRT(D2^2-$C$2^2)))/1000 -> 168 | L9: =IF('vertical grid'!B9>($C$2),0,'vertical grid'!D9) -> 55.333333 | N9: =IF(L10=0,IF(L9>0,1,0),0) -> 0 | O9: Average speed of sound | P9: =N9*Y9 -> 0 | S9: =L9/$G$2 -> 271.30267 | U9: =L9/$G$3 -> 109.97764 | W9: =L9/$G$4 -> 163.43143 | Y9: =Vz!O9 -> 336.23606 | AC9: =S9/Y9 -> 0.80688153 | AG9: =U9/Y9 -> 0.32708461 | AK9: =W9/Y9 -> 0.48606157
C10: 5 | D10: 59 | E10: =D10+(C10*60)+(B10*3600) -> 359 | F10: =AI1/AE1 -> 0.40536882 | G10: =(SQRT(D3^2-$C$2^2))/1000 -> 60.118 | L10: =IF('vertical grid'!B10>($C$2),0,'vertical grid'!D10) -> 55.333333 | N10: =IF(L11=0,IF(L10>0,1,0),0) -> 0 | O10: (m/s) | P10: =N10*Y10 -> 0 | S10: =L10/$G$2 -> 271.30267 | U10: =L10/$G$3 -> 109.97764 | W10: =L10/$G$4 -> 163.43143 | Y10: =Vz!O10 -> 336.23606 | Z10: Total distance (m) | AC10: =S10/Y10 -> 0.80688153 | AG10: =U10/Y10 -> 0.32708461 | AK10: =W10/Y10 -> 0.48606157
E11: =D11+(C11*60)+(B11*3600) -> 0 | F11: =AM1/AE1 -> 0.56854627 | G11: =(SQRT(D4^2-$C$2^2))/1000 -> 97.27 | L11: =IF('vertical grid'!B11>($C$2),0,'vertical grid'!D11) -> 46 | N11: =IF(L12=0,IF(L11>0,1,0),0) -> 0 | O11: =AVERAGE(Y1:Y600) -> 318.85198 | P11: =N11*Y11 -> 0 | S11: =L11/$G$2 -> 225.54077 | U11: =L11/$G$3 -> 91.427197 | W11: =L11/$G$4 -> 135.86468 | Y11: =Vz!O11 -> 335.39846 | Z11: First seismometer | AA11: =AA6+(R6*1000) -> 171607.11 | AC11: =S11/Y11 -> 0.67245619 | AG11: =U11/Y11 -> 0.27259277 | AK11: =W11/Y11 -> 0.40508439
L12: =IF('vertical grid'!B12>($C$2),0,'vertical grid'!D12) -> 46 | N12: =IF(L13=0,IF(L12>0,1,0),0) -> 0 | P12: =N12*Y12 -> 0 | S12: =L12/$G$2 -> 225.54077 | U12: =L12/$G$3 -> 91.427197 | W12: =L12/$G$4 -> 135.86468 | Y12: =Vz!O12 -> 335.39846 | Z12: Second seismometer | AA12: =AA7+(R7*1000) -> 69564.171 | AC12: =S12/Y12 -> 0.67245619 | AG12: =U12/Y12 -> 0.27259277 | AK12: =W12/Y12 -> 0.40508439
A13: Calculated fireball time | E13: Total sec since | F13: Variance from | G13: Equivalent | L13: =IF('vertical grid'!B13>($C$2),0,'vertical grid'!D13) -> 46 | N13: =IF(L14=0,IF(L13>0,1,0),0) -> 0 | P13: =N13*Y13 -> 0 | S13: =L13/$G$2 -> 225.54077 | U13: =L13/$G$3 -> 91.427197 | W13: =L13/$G$4 -> 135.86468 | Y13: =Vz!O13 -> 335.39846 | Z13: Third seismometer | AA13: =AA8+(R8*1000) -> 103375.3 | AC13: =S13/Y13 -> 0.67245619 | AG13: =U13/Y13 -> 0.27259277 | AK13: =W13/Y13 -> 0.40508439
B14: HH | C14: MM | D14: SS | E14: midnight | F14: Mean (s) | G14: Dist (est) (m) | L14: =IF('vertical grid'!B14>($C$2),0,'vertical grid'!D14) -> 101.66667 | N14: =IF(L15=0,IF(L14>0,1,0),0) -> 0 | P14: =N14*Y14 -> 0 | S14: =L14/$G$2 -> 498.47779 | U14: =L14/$G$3 -> 202.06735 | W14: =L14/$G$4 -> 300.28064 | Y14: =Vz!O14 -> 333.53629 | AC14: =S14/Y14 -> 1.4945234 | AG14: =U14/Y14 -> 0.60583319 | AK14: =W14/Y14 -> 0.90029374
B15: =ROUNDDOWN(E15/3600,0) -> 1 | C15: =ROUNDDOWN((E15-(B15*3600))/60,0) -> 5 | D15: =ROUNDDOWN(E15-((B15*3600)+(C15*60)),1) -> 40 | E15: =E9-AE1 -> 3940.032 | F15: =(AVERAGE(E15:E17)-E15) -> -2692.0548 | G15: =F15*O11 -> -858367 | H15: =B2-G15 -> 1026367 | J15: =D2/O11 -> 538.20306 | L15: =IF('vertical grid'!B15>($C$2),0,'vertical grid'!D15) -> 101.66667 | N15: =IF(L16=0,IF(L15>0,1,0),0) -> 0 | P15: =N15*Y15 -> 0 | S15: =L15/$G$2 -> 498.47779 | U15: =L15/$G$3 -> 202.06735 | W15: =L15/$G$4 -> 300.28064 | Y15: =Vz!O15 -> 333.53629 | Z15: Difference from | AC15: =S15/Y15 -> 1.4945234 | AG15: =U15/Y15 -> 0.60583319 | AK15: =W15/Y15 -> 0.90029374
B16: =ROUNDDOWN(E16/3600,0) -> 0 | C16: =ROUNDDOWN((E16-(B16*3600))/60,0) -> 2 | D16: =ROUNDDOWN(E16-((B16*3600)+(C16*60)),1) -> 7.9 | E16: =E10-AI1 -> 127.95274 | F16: =(AVERAGE(E15:E17)-E16) -> 1120.0244 | G16: =F16*O11 -> 357122.01 | H16: =B3-G16 -> -297004.01 | J16: =J15/60 -> 8.970051 | K16: min | L16: =IF('vertical grid'!B16>($C$2),0,'vertical grid'!D16) -> 101.66667 | N16: =IF(L17=0,IF(L16>0,1,0),0) -> 0 | P16: =N16*Y16 -> 0 | S16: =L16/$G$2 -> 498.47779 | U16: =L16/$G$3 -> 202.06735 | W16: =L16/$G$4 -> 300.28064 | Y16: =Vz!O16 -> 333.53629 | Z16: hypoteneuse (m) | AC16: =S16/Y16 -> 1.4945234 | AG16: =U16/Y16 -> 0.60583319 | AK16: =W16/Y16 -> 0.90029374
B17: =ROUNDDOWN(E17/3600,0) -> 0 | C17: =ROUNDDOWN((E17-(B17*3600))/60,0) -> -5 | D17: =ROUNDDOWN(E17-((B17*3600)+(C17*60)),1) -> -24 | E17: =E11-AM1 -> -324.05318 | F17: =(AVERAGE(E15:E17)-E17) -> 1572.0304 | G17: =F17*O11 -> 501244.99 | H17: =B4-G17 -> -403974.99 | J17: =J15-(9*60) -> -1.7969415 | K17: sec | L17: =IF('vertical grid'!B17>($C$2),0,'vertical grid'!D17) -> 82 | N17: =IF(L18=0,IF(L17>0,1,0),0) -> 0 | P17: =N17*Y17 -> 0 | S17: =L17/$G$2 -> 402.05094 | U17: =L17/$G$3 -> 162.97892 | W17: =L17/$G$4 -> 242.19356 | Y17: =Vz!O17 -> 332.02693 | Z17: First seismometer | AA17: =AA11-D2 -> 0 | AC17: =S17/Y17 -> 1.2108986 | AG17: =U17/Y17 -> 0.49086053 | AK17: =W17/Y17 -> 0.72943951
L18: =IF('vertical grid'!B18>($C$2),0,'vertical grid'!D18) -> 82 | N18: =IF(L19=0,IF(L18>0,1,0),0) -> 0 | P18: =N18*Y18 -> 0 | S18: =L18/$G$2 -> 402.05094 | U18: =L18/$G$3 -> 162.97892 | W18: =L18/$G$4 -> 242.19356 | Y18: =Vz!O18 -> 332.02693 | Z18: Second seismometer | AA18: =AA12-D3 -> 0 | AC18: =S18/Y18 -> 1.2108986 | AG18: =U18/Y18 -> 0.49086053 | AK18: =W18/Y18 -> 0.72943951
D19: Variance in time values | E19: =MAX(E15:E17)-MIN(E15:E17) -> 4264.0852 | F19: s | H19: 54318.508 | L19: =IF('vertical grid'!B19>($C$2),0,'vertical grid'!D19) -> 82 | N19: =IF(L20=0,IF(L19>0,1,0),0) -> 0 | P19: =N19*Y19 -> 0 | S19: =L19/$G$2 -> 402.05094 | U19: =L19/$G$3 -> 162.97892 | W19: =L19/$G$4 -> 242.19356 | Y19: =Vz!O19 -> 332.02693 | Z19: Third seismometer | AA19: =AA13-D4 -> 0 | AC19: =S19/Y19 -> 1.2108986 | AG19: =U19/Y19 -> 0.49086053 | AK19: =W19/Y19 -> 0.72943951
D20: Distance equivalent (est) | E20: =E19*O11 -> 1359612 | F20: m | H20: 63844.534 | L20: =IF('vertical grid'!B20>($C$2),0,'vertical grid'!D20) -> 19.666667 | N20: =IF(L21=0,IF(L20>0,1,0),0) -> 0 | P20: =N20*Y20 -> 0 | S20: =L20/$G$2 -> 96.426852 | U20: =L20/$G$3 -> 39.088439 | W20: =L20/$G$4 -> 58.087074 | Y20: =Vz!O20 -> 331.7848 | AC20: =S20/Y20 -> 0.29063071 | AG20: =U20/Y20 -> 0.11781263 | AK20: =W20/Y20 -> 0.17507455
A21: Calculated fireball time | B21: =ROUNDDOWN(E21/3600,0) -> 0 | C21: =ROUNDDOWN((E21-(B21*3600))/60,0) -> 20 | D21: =ROUNDDOWN(E21-((B21*3600)+(C21*60)),1) -> 47.9 | E21: =AVERAGE(E15:E17) -> 1247.9772 | H21: 94923.958 | L21: =IF('vertical grid'!B21>($C$2),0,'vertical grid'!D21) -> 19.666667 | N21: =IF(L22=0,IF(L21>0,1,0),0) -> 0 | P21: =N21*Y21 -> 0 | S21: =L21/$G$2 -> 96.426852 | U21: =L21/$G$3 -> 39.088439 | W21: =L21/$G$4 -> 58.087074 | Y21: =Vz!O21 -> 331.7848 | Z21: Time spent in error | AC21: =S21/Y21 -> 0.29063071 | AG21: =U21/Y21 -> 0.11781263 | AK21: =W21/Y21 -> 0.17507455
L22: =IF('vertical grid'!B22>($C$2),0,'vertical grid'!D22) -> 19.666667 | N22: =IF(L23=0,IF(L22>0,1,0),0) -> 0 | P22: =N22*Y22 -> 0 | S22: =L22/$G$2 -> 96.426852 | U22: =L22/$G$3 -> 39.088439 | W22: =L22/$G$4 -> 58.087074 | Y22: =Vz!O22 -> 331.7848 | Z22: distance, using | AC22: =S22/Y22 -> 0.29063071 | AG22: =U22/Y22 -> 0.11781263 | AK22: =W22/Y22 -> 0.17507455
H23: 55907.172 | L23: =IF('vertical grid'!B23>($C$2),0,'vertical grid'!D23) -> 101.66667 | N23: =IF(L24=0,IF(L23>0,1,0),0) -> 0 | P23: =N23*Y23 -> 0 | S23: =L23/$G$2 -> 498.47779 | U23: =L23/$G$3 -> 202.06735 | W23: =L23/$G$4 -> 300.28064 | Y23: =Vz!O23 -> 330.32827 | Z23: speed of sound at | AC23: =S23/Y23 -> 1.5090377 | AG23: =U23/Y23 -> 0.61171682 | AK23: =W23/Y23 -> 0.90903706
A24: Two-station comparator | H24: 61571.734 | L24: =IF('vertical grid'!B24>($C$2),0,'vertical grid'!D24) -> 101.66667 | N24: =IF(L25=0,IF(L24>0,1,0),0) -> 0 | P24: =N24*Y24 -> 0 | S24: =L24/$G$2 -> 498.47779 | U24: =L24/$G$3 -> 202.06735 | W24: =L24/$G$4 -> 300.28064 | Y24: =Vz!O24 -> 330.32827 | Z24: high altitude (s) | AC24: =S24/Y24 -> 1.5090377 | AG24: =U24/Y24 -> 0.61171682 | AK24: =W24/Y24 -> 0.90903706
H25: 95609.094 | L25: =IF('vertical grid'!B25>($C$2),0,'vertical grid'!D25) -> 101.66667 | N25: =IF(L26=0,IF(L25>0,1,0),0) -> 0 | P25: =N25*Y25 -> 0 | S25: =L25/$G$2 -> 498.47779 | U25: =L25/$G$3 -> 202.06735 | W25: =L25/$G$4 -> 300.28064 | Y25: =Vz!O25 -> 330.32827 | Z25: First seismometer | AA25: =AA6/O7 -> 97.919963 | AC25: =S25/Y25 -> 1.5090377 | AG25: =U25/Y25 -> 0.61171682 | AK25: =W25/Y25 -> 0.90903706
A26: Y47A | B26: t1 since midnight | C26: 81623 | D26: s --- long leg | L26: =IF('vertical grid'!B26>($C$2),0,'vertical grid'!D26) -> 30.333333 | N26: =IF(L27=0,IF(L26>0,1,0),0) -> 0 | P26: =N26*Y26 -> 0 | S26: =L26/$G$2 -> 148.72616 | U26: =L26/$G$3 -> 60.288948 | W26: =L26/$G$4 -> 89.591928 | Y26: =Vz!O26 -> 329.90223 | Z26: Second seismometer | AA26: =AA7/O7 -> 39.6937 | AC26: =S26/Y26 -> 0.4508189 | AG26: =U26/Y26 -> 0.18274793 | AK26: =W26/Y26 -> 0.27157115
A27: Y48A | B27: t2 since midnight | C27: 81521 | D27: s --- short leg | H27: 55907 | L27: =IF('vertical grid'!B27>($C$2),0,'vertical grid'!D27) -> 30.333333 | N27: =IF(L28=0,IF(L27>0,1,0),0) -> 0 | P27: =N27*Y27 -> 0 | S27: =L27/$G$2 -> 148.72616 | U27: =L27/$G$3 -> 60.288948 | W27: =L27/$G$4 -> 89.591928 | Y27: =Vz!O27 -> 329.90223 | Z27: Third seismometer | AA27: =AA8/O7 -> 58.986517 | AC27: =S27/Y27 -> 0.4508189 | AG27: =U27/Y27 -> 0.18274793 | AK27: =W27/Y27 -> 0.27157115
B28: h | C28: 30000 | D28: m | H28: 60575.5 | L28: =IF('vertical grid'!B28>($C$2),0,'vertical grid'!D28) -> 30.333333 | N28: =IF(L29=0,IF(L28>0,1,0),0) -> 0 | P28: =N28*Y28 -> 0 | S28: =L28/$G$2 -> 148.72616 | U28: =L28/$G$3 -> 60.288948 | W28: =L28/$G$4 -> 89.591928 | Y28: =Vz!O28 -> 329.90223 | AC28: =S28/Y28 -> 0.4508189 | AG28: =U28/Y28 -> 0.18274793 | AK28: =W28/Y28 -> 0.27157115
H29: 96605.5 | L29: =IF('vertical grid'!B29>($C$2),0,'vertical grid'!D29) -> 10 | N29: =IF(L30=0,IF(L29>0,1,0),0) -> 0 | P29: =N29*Y29 -> 0 | S29: =L29/$G$2 -> 49.030603 | U29: =L29/$G$3 -> 19.875478 | W29: =L29/$G$4 -> 29.5358 | Y29: =Vz!O29 -> 329.90223 | AC29: =S29/Y29 -> 0.14862162 | AG29: =U29/Y29 -> 0.060246569 | AK29: =W29/Y29 -> 0.08952895
B30: average speed of sound | C30: ='particle parameters'!B41 -> 318.85198 | D30: m/s | L30: =IF('vertical grid'!B30>($C$2),0,'vertical grid'!D30) -> 10 | N30: =IF(L31=0,IF(L30>0,1,0),0) -> 0 | P30: =N30*Y30 -> 0 | S30: =L30/$G$2 -> 49.030603 | U30: =L30/$G$3 -> 19.875478 | W30: =L30/$G$4 -> 29.5358 | Y30: =Vz!O30 -> 329.90223 | AC30: =S30/Y30 -> 0.14862162 | AG30: =U30/Y30 -> 0.060246569 | AK30: =W30/Y30 -> 0.08952895
B31: theta 1 | C31: 19.4 | D31: --- long leg | H31: 55699.396 | L31: =IF('vertical grid'!B31>($C$2),0,'vertical grid'!D31) -> 10 | N31: =IF(L32=0,IF(L31>0,1,0),0) -> 0 | P31: =N31*Y31 -> 0 | S31: =L31/$G$2 -> 49.030603 | U31: =L31/$G$3 -> 19.875478 | W31: =L31/$G$4 -> 29.5358 | Y31: =Vz!O31 -> 329.90223 | AC31: =S31/Y31 -> 0.14862162 | AG31: =U31/Y31 -> 0.060246569 | AK31: =W31/Y31 -> 0.08952895
B32: delta t between stations | C32: =C26-C27 -> 102 | D32: s | H32: 60118.271 | L32: =IF('vertical grid'!B32>($C$2),0,'vertical grid'!D32) -> 33 | N32: =IF(L33=0,IF(L32>0,1,0),0) -> 0 | P32: =N32*Y32 -> 0 | S32: =L32/$G$2 -> 161.80099 | U32: =L32/$G$3 -> 65.589076 | W32: =L32/$G$4 -> 97.468141 | Y32: =Vz!O32 -> 329.65854 | AC32: =S32/Y32 -> 0.49081389 | AG32: =U32/Y32 -> 0.19896065 | AK32: =W32/Y32 -> 0.29566394
B33: delta l between stations | C33: =C32*C30 -> 32522.902 | D33: m | H33: 97270.334 | L33: =IF('vertical grid'!B33>($C$2),0,'vertical grid'!D33) -> 33 | N33: =IF(L34=0,IF(L33>0,1,0),0) -> 0 | P33: =N33*Y33 -> 0 | S33: =L33/$G$2 -> 161.80099 | U33: =L33/$G$3 -> 65.589076 | W33: =L33/$G$4 -> 97.468141 | Y33: =Vz!O33 -> 329.65854 | AC33: =S33/Y33 -> 0.49081389 | AG33: =U33/Y33 -> 0.19896065 | AK33: =W33/Y33 -> 0.29566394
B34: Path length (L) | L34: =IF('vertical grid'!B34>($C$2),0,'vertical grid'!D34) -> 33 | N34: =IF(L35=0,IF(L34>0,1,0),0) -> 0 | P34: =N34*Y34 -> 0 | S34: =L34/$G$2 -> 161.80099 | U34: =L34/$G$3 -> 65.589076 | W34: =L34/$G$4 -> 97.468141 | Y34: =Vz!O34 -> 329.65854 | AC34: =S34/Y34 -> 0.49081389 | AG34: =U34/Y34 -> 0.19896065 | AK34: =W34/Y34 -> 0.29566394
B35: L1 | C35: =C36+C33 -> 90317.611 | D35: m | L35: =IF('vertical grid'!B35>($C$2),0,'vertical grid'!D35) -> 28.333333 | N35: =IF(L36=0,IF(L35>0,1,0),0) -> 0 | P35: =N35*Y35 -> 0 | S35: =L35/$G$2 -> 138.92004 | U35: =L35/$G$3 -> 56.313853 | W35: =L35/$G$4 -> 83.684768 | Y35: =Vz!O35 -> 329.23164 | AC35: =S35/Y35 -> 0.42195228 | AG35: =U35/Y35 -> 0.1710463 | AK35: =W35/Y35 -> 0.25418204
B36: L2 | C36: =(C28/(SIN(RADIANS(C31))))-C33 -> 57794.71 | D36: m | L36: =IF('vertical grid'!B36>($C$2),0,'vertical grid'!D36) -> 28.333333 | N36: =IF(L37=0,IF(L36>0,1,0),0) -> 0 | P36: =N36*Y36 -> 0 | S36: =L36/$G$2 -> 138.92004 | U36: =L36/$G$3 -> 56.313853 | W36: =L36/$G$4 -> 83.684768 | Y36: =Vz!O36 -> 329.23164 | AC36: =S36/Y36 -> 0.42195228 | AG36: =U36/Y36 -> 0.1710463 | AK36: =W36/Y36 -> 0.25418204
B37: Ground distance (d) | L37: =IF('vertical grid'!B37>($C$2),0,'vertical grid'!D37) -> 28.333333 | N37: =IF(L38=0,IF(L37>0,1,0),0) -> 0 | P37: =N37*Y37 -> 0 | S37: =L37/$G$2 -> 138.92004 | U37: =L37/$G$3 -> 56.313853 | W37: =L37/$G$4 -> 83.684768 | Y37: =Vz!O37 -> 329.23164 | AC37: =S37/Y37 -> 0.42195228 | AG37: =U37/Y37 -> 0.1710463 | AK37: =W37/Y37 -> 0.25418204
B38: d1 | C38: =SQRT((C35^2)-($C$28^2)) -> 85189.617 | L38: =IF('vertical grid'!B38>($C$2),0,'vertical grid'!D38) -> 101.33333 | N38: =IF(L39=0,IF(L38>0,1,0),0) -> 0 | P38: =N38*Y38 -> 0 | S38: =L38/$G$2 -> 496.84344 | U38: =L38/$G$3 -> 201.40484 | W38: =L38/$G$4 -> 299.29611 | Y38: =Vz!O38 -> 327.64114 | AC38: =S38/Y38 -> 1.5164257 | AG38: =U38/Y38 -> 0.6147117 | AK38: =W38/Y38 -> 0.91348759
B39: d2 | C39: =SQRT(ABS((C36^2)-(C28^2))) -> 49398.669 | L39: =IF('vertical grid'!B39>($C$2),0,'vertical grid'!D39) -> 101.33333 | N39: =IF(L40=0,IF(L39>0,1,0),0) -> 0 | P39: =N39*Y39 -> 0 | S39: =L39/$G$2 -> 496.84344 | U39: =L39/$G$3 -> 201.40484 | W39: =L39/$G$4 -> 299.29611 | Y39: =Vz!O39 -> 327.64114 | AC39: =S39/Y39 -> 1.5164257 | AG39: =U39/Y39 -> 0.6147117 | AK39: =W39/Y39 -> 0.91348759
B40: dtot CALCed | C40: =C38+C39 -> 134588.29 | D40: <-- make these values match | L40: =IF('vertical grid'!B40>($C$2),0,'vertical grid'!D40) -> 101.33333 | N40: =IF(L41=0,IF(L40>0,1,0),0) -> 0 | P40: =N40*Y40 -> 0 | S40: =L40/$G$2 -> 496.84344 | U40: =L40/$G$3 -> 201.40484 | W40: =L40/$G$4 -> 299.29611 | Y40: =Vz!O40 -> 327.64114 | AC40: =S40/Y40 -> 1.5164257 | AG40: =U40/Y40 -> 0.6147117 | AK40: =W40/Y40 -> 0.91348759
B41: dtot | C41: 135288 | D41: <-- by changing theta1 | L41: =IF('vertical grid'!B41>($C$2),0,'vertical grid'!D41) -> 101.66667 | N41: =IF(L42=0,IF(L41>0,1,0),0) -> 0 | P41: =N41*Y41 -> 0 | S41: =L41/$G$2 -> 498.47779 | U41: =L41/$G$3 -> 202.06735 | W41: =L41/$G$4 -> 300.28064 | Y41: =Vz!O41 -> 326.04288 | AC41: =S41/Y41 -> 1.5288719 | AG41: =U41/Y41 -> 0.619757 | AK41: =W41/Y41 -> 0.92098512
L42: =IF('vertical grid'!B42>($C$2),0,'vertical grid'!D42) -> 101.66667 | N42: =IF(L43=0,IF(L42>0,1,0),0) -> 0 | P42: =N42*Y42 -> 0 | S42: =L42/$G$2 -> 498.47779 | U42: =L42/$G$3 -> 202.06735 | W42: =L42/$G$4 -> 300.28064 | Y42: =Vz!O42 -> 326.04288 | AC42: =S42/Y42 -> 1.5288719 | AG42: =U42/Y42 -> 0.619757 | AK42: =W42/Y42 -> 0.92098512
B43: t (station 1) | C43: =C35/C30 -> 283.25875 | D43: s | L43: =IF('vertical grid'!B43>($C$2),0,'vertical grid'!D43) -> 101.66667 | N43: =IF(L44=0,IF(L43>0,1,0),0) -> 0 | P43: =N43*Y43 -> 0 | S43: =L43/$G$2 -> 498.47779 | U43: =L43/$G$3 -> 202.06735 | W43: =L43/$G$4 -> 300.28064 | Y43: =Vz!O43 -> 326.04288 | AC43: =S43/Y43 -> 1.5288719 | AG43: =U43/Y43 -> 0.619757 | AK43: =W43/Y43 -> 0.92098512
B44: t (station 2) | C44: =C36/C30 -> 181.25875 | D44: s | L44: =IF('vertical grid'!B44>($C$2),0,'vertical grid'!D44) -> 83.333333 | N44: =IF(L45=0,IF(L44>0,1,0),0) -> 0 | P44: =N44*Y44 -> 0 | S44: =L44/$G$2 -> 408.58836 | U44: =L44/$G$3 -> 165.62898 | W44: =L44/$G$4 -> 246.13167 | Y44: =Vz!O44 -> 324.74623 | AC44: =S44/Y44 -> 1.2581774 | AG44: =U44/Y44 -> 0.51002587 | AK44: =W44/Y44 -> 0.75792001
L45: =IF('vertical grid'!B45>($C$2),0,'vertical grid'!D45) -> 83.333333 | N45: =IF(L46=0,IF(L45>0,1,0),0) -> 0 | P45: =N45*Y45 -> 0 | S45: =L45/$G$2 -> 408.58836 | U45: =L45/$G$3 -> 165.62898 | W45: =L45/$G$4 -> 246.13167 | Y45: =Vz!O45 -> 324.74623 | AC45: =S45/Y45 -> 1.2581774 | AG45: =U45/Y45 -> 0.51002587 | AK45: =W45/Y45 -> 0.75792001
B46: terminus time: | L46: =IF('vertical grid'!B46>($C$2),0,'vertical grid'!D46) -> 83.333333 | N46: =IF(L47=0,IF(L46>0,1,0),0) -> 0 | P46: =N46*Y46 -> 0 | S46: =L46/$G$2 -> 408.58836 | U46: =L46/$G$3 -> 165.62898 | W46: =L46/$G$4 -> 246.13167 | Y46: =Vz!O46 -> 324.74623 | AC46: =S46/Y46 -> 1.2581774 | AG46: =U46/Y46 -> 0.51002587 | AK46: =W46/Y46 -> 0.75792001
L47: =IF('vertical grid'!B47>($C$2),0,'vertical grid'!D47) -> 18.333333 | N47: =IF(L48=0,IF(L47>0,1,0),0) -> 0 | P47: =N47*Y47 -> 0 | S47: =L47/$G$2 -> 89.889438 | U47: =L47/$G$3 -> 36.438375 | W47: =L47/$G$4 -> 54.148967 | Y47: =Vz!O47 -> 324.43674 | AC47: =S47/Y47 -> 0.27706306 | AG47: =U47/Y47 -> 0.11231273 | AK47: =W47/Y47 -> 0.16690146
B48: terminus time since midnight | L48: =IF('vertical grid'!B48>($C$2),0,'vertical grid'!D48) -> 18.333333 | N48: =IF(L49=0,IF(L48>0,1,0),0) -> 0 | P48: =N48*Y48 -> 0 | S48: =L48/$G$2 -> 89.889438 | U48: =L48/$G$3 -> 36.438375 | W48: =L48/$G$4 -> 54.148967 | Y48: =Vz!O48 -> 324.43674 | AC48: =S48/Y48 -> 0.27706306 | AG48: =U48/Y48 -> 0.11231273 | AK48: =W48/Y48 -> 0.16690146
B49: t1 | C49: =C26-C43 -> 81339.741 | D49: s | L49: =IF('vertical grid'!B49>($C$2),0,'vertical grid'!D49) -> 18.333333 | N49: =IF(L50=0,IF(L49>0,1,0),0) -> 0 | P49: =N49*Y49 -> 0 | S49: =L49/$G$2 -> 89.889438 | U49: =L49/$G$3 -> 36.438375 | W49: =L49/$G$4 -> 54.148967 | Y49: =Vz!O49 -> 324.43674 | AC49: =S49/Y49 -> 0.27706306 | AG49: =U49/Y49 -> 0.11231273 | AK49: =W49/Y49 -> 0.16690146
B50: t2 | C50: =C27-C44 -> 81339.741 | D50: s | L50: =IF('vertical grid'!B50>($C$2),0,'vertical grid'!D50) -> 120 | N50: =IF(L51=0,IF(L50>0,1,0),0) -> 0 | P50: =N50*Y50 -> 0 | S50: =L50/$G$2 -> 588.36723 | U50: =L50/$G$3 -> 238.50573 | W50: =L50/$G$4 -> 354.4296 | Y50: =Vz!O50 -> 322.51129 | AC50: =S50/Y50 -> 1.8243307 | AG50: =U50/Y50 -> 0.73952677 | AK50: =W50/Y50 -> 1.0989681
B51: ave | C51: =AVERAGE(C49:C50) -> 81339.741 | L51: =IF('vertical grid'!B51>($C$2),0,'vertical grid'!D51) -> 120 | N51: =IF(L52=0,IF(L51>0,1,0),0) -> 0 | P51: =N51*Y51 -> 0 | S51: =L51/$G$2 -> 588.36723 | U51: =L51/$G$3 -> 238.50573 | W51: =L51/$G$4 -> 354.4296 | Y51: =Vz!O51 -> 322.51129 | AC51: =S51/Y51 -> 1.8243307 | AG51: =U51/Y51 -> 0.73952677 | AK51: =W51/Y51 -> 1.0989681
L52: =IF('vertical grid'!B52>($C$2),0,'vertical grid'!D52) -> 120 | N52: =IF(L53=0,IF(L52>0,1,0),0) -> 0 | P52: =N52*Y52 -> 0 | S52: =L52/$G$2 -> 588.36723 | U52: =L52/$G$3 -> 238.50573 | W52: =L52/$G$4 -> 354.4296 | Y52: =Vz!O52 -> 322.51129 | AC52: =S52/Y52 -> 1.8243307 | AG52: =U52/Y52 -> 0.73952677 | AK52: =W52/Y52 -> 1.0989681
B53: HH | C53: MM | D53: SS | L53: =IF('vertical grid'!B53>($C$2),0,'vertical grid'!D53) -> 83.333333 | N53: =IF(L54=0,IF(L53>0,1,0),0) -> 0 | P53: =N53*Y53 -> 0 | S53: =L53/$G$2 -> 408.58836 | U53: =L53/$G$3 -> 165.62898 | W53: =L53/$G$4 -> 246.13167 | Y53: =Vz!O53 -> 321.76286 | AC53: =S53/Y53 -> 1.2698431 | AG53: =U53/Y53 -> 0.51475482 | AK53: =W53/Y53 -> 0.76494743
B54: =ROUNDDOWN(C51/3600,0) -> 22 | C54: =ROUNDDOWN((C51-(B54*3600))/60,0) -> 35 | D54: =ROUNDDOWN(C51-((B54*3600)+(C54*60)),1) -> 39.7 | L54: =IF('vertical grid'!B54>($C$2),0,'vertical grid'!D54) -> 83.333333 | N54: =IF(L55=0,IF(L54>0,1,0),0) -> 0 | P54: =N54*Y54 -> 0 | S54: =L54/$G$2 -> 408.58836 | U54: =L54/$G$3 -> 165.62898 | W54: =L54/$G$4 -> 246.13167 | Y54: =Vz!O54 -> 321.76286 | AC54: =S54/Y54 -> 1.2698431 | AG54: =U54/Y54 -> 0.51475482 | AK54: =W54/Y54 -> 0.76494743
L55: =IF('vertical grid'!B55>($C$2),0,'vertical grid'!D55) -> 83.333333 | N55: =IF(L56=0,IF(L55>0,1,0),0) -> 0 | P55: =N55*Y55 -> 0 | S55: =L55/$G$2 -> 408.58836 | U55: =L55/$G$3 -> 165.62898 | W55: =L55/$G$4 -> 246.13167 | Y55: =Vz!O55 -> 321.76286 | AC55: =S55/Y55 -> 1.2698431 | AG55: =U55/Y55 -> 0.51475482 | AK55: =W55/Y55 -> 0.76494743
L56: =IF('vertical grid'!B56>($C$2),0,'vertical grid'!D56) -> 2 | N56: =IF(L57=0,IF(L56>0,1,0),0) -> 0 | P56: =N56*Y56 -> 0 | S56: =L56/$G$2 -> 9.8061205 | U56: =L56/$G$3 -> 3.9750955 | W56: =L56/$G$4 -> 5.9071601 | Y56: =Vz!O56 -> 321.76286 | AC56: =S56/Y56 -> 0.030476235 | AG56: =U56/Y56 -> 0.012354116 | AK56: =W56/Y56 -> 0.018358738
L57: =IF('vertical grid'!B57>($C$2),0,'vertical grid'!D57) -> 2 | N57: =IF(L58=0,IF(L57>0,1,0),0) -> 0 | P57: =N57*Y57 -> 0 | S57: =L57/$G$2 -> 9.8061205 | U57: =L57/$G$3 -> 3.9750955 | W57: =L57/$G$4 -> 5.9071601 | Y57: =Vz!O57 -> 321.76286 | AC57: =S57/Y57 -> 0.030476235 | AG57: =U57/Y57 -> 0.012354116 | AK57: =W57/Y57 -> 0.018358738
L58: =IF('vertical grid'!B58>($C$2),0,'vertical grid'!D58) -> 2 | N58: =IF(L59=0,IF(L58>0,1,0),0) -> 0 | P58: =N58*Y58 -> 0 | S58: =L58/$G$2 -> 9.8061205 | U58: =L58/$G$3 -> 3.9750955 | W58: =L58/$G$4 -> 5.9071601 | Y58: =Vz!O58 -> 321.76286 | AC58: =S58/Y58 -> 0.030476235 | AG58: =U58/Y58 -> 0.012354116 | AK58: =W58/Y58 -> 0.018358738
L59: =IF('vertical grid'!B59>($C$2),0,'vertical grid'!D59) -> 59.666667 | N59: =IF(L60=0,IF(L59>0,1,0),0) -> 0 | P59: =N59*Y59 -> 0 | S59: =L59/$G$2 -> 292.54926 | U59: =L59/$G$3 -> 118.59035 | W59: =L59/$G$4 -> 176.23028 | Y59: =Vz!O59 -> 322.88485 | AC59: =S59/Y59 -> 0.90604827 | AG59: =U59/Y59 -> 0.36728372 | AK59: =W59/Y59 -> 0.54579914
L60: =IF('vertical grid'!B60>($C$2),0,'vertical grid'!D60) -> 59.666667 | N60: =IF(L61=0,IF(L60>0,1,0),0) -> 0 | P60: =N60*Y60 -> 0 | S60: =L60/$G$2 -> 292.54926 | U60: =L60/$G$3 -> 118.59035 | W60: =L60/$G$4 -> 176.23028 | Y60: =Vz!O60 -> 322.88485 | AC60: =S60/Y60 -> 0.90604827 | AG60: =U60/Y60 -> 0.36728372 | AK60: =W60/Y60 -> 0.54579914
L61: =IF('vertical grid'!B61>($C$2),0,'vertical grid'!D61) -> 59.666667 | N61: =IF(L62=0,IF(L61>0,1,0),0) -> 0 | P61: =N61*Y61 -> 0 | S61: =L61/$G$2 -> 292.54926 | U61: =L61/$G$3 -> 118.59035 | W61: =L61/$G$4 -> 176.23028 | Y61: =Vz!O61 -> 322.88485 | AC61: =S61/Y61 -> 0.90604827 | AG61: =U61/Y61 -> 0.36728372 | AK61: =W61/Y61 -> 0.54579914
L62: =IF('vertical grid'!B62>($C$2),0,'vertical grid'!D62) -> 141.33333 | N62: =IF(L63=0,IF(L62>0,1,0),0) -> 0 | P62: =N62*Y62 -> 0 | S62: =L62/$G$2 -> 692.96585 | U62: =L62/$G$3 -> 280.90675 | W62: =L62/$G$4 -> 417.43931 | Y62: =Vz!O62 -> 320.76223 | AC62: =S62/Y62 -> 2.1603723 | AG62: =U62/Y62 -> 0.87574759 | AK62: =W62/Y62 -> 1.301398
L63: =IF('vertical grid'!B63>($C$2),0,'vertical grid'!D63) -> 141.33333 | N63: =IF(L64=0,IF(L63>0,1,0),0) -> 0 | P63: =N63*Y63 -> 0 | S63: =L63/$G$2 -> 692.96585 | U63: =L63/$G$3 -> 280.90675 | W63: =L63/$G$4 -> 417.43931 | Y63: =Vz!O63 -> 320.76223 | AC63: =S63/Y63 -> 2.1603723 | AG63: =U63/Y63 -> 0.87574759 | AK63: =W63/Y63 -> 1.301398
L64: =IF('vertical grid'!B64>($C$2),0,'vertical grid'!D64) -> 141.33333 | N64: =IF(L65=0,IF(L64>0,1,0),0) -> 0 | P64: =N64*Y64 -> 0 | S64: =L64/$G$2 -> 692.96585 | U64: =L64/$G$3 -> 280.90675 | W64: =L64/$G$4 -> 417.43931 | Y64: =Vz!O64 -> 320.76223 | AC64: =S64/Y64 -> 2.1603723 | AG64: =U64/Y64 -> 0.87574759 | AK64: =W64/Y64 -> 1.301398
L65: =IF('vertical grid'!B65>($C$2),0,'vertical grid'!D65) -> 101.66667 | N65: =IF(L66=0,IF(L65>0,1,0),0) -> 0 | P65: =N65*Y65 -> 0 | S65: =L65/$G$2 -> 498.47779 | U65: =L65/$G$3 -> 202.06735 | W65: =L65/$G$4 -> 300.28064 | Y65: =Vz!O65 -> 319.19247 | AC65: =S65/Y65 -> 1.5616841 | AG65: =U65/Y65 -> 0.63305802 | AK65: =W65/Y65 -> 0.940751
L66: =IF('vertical grid'!B66>($C$2),0,'vertical grid'!D66) -> 101.66667 | N66: =IF(L67=0,IF(L66>0,1,0),0) -> 0 | P66: =N66*Y66 -> 0 | S66: =L66/$G$2 -> 498.47779 | U66: =L66/$G$3 -> 202.06735 | W66: =L66/$G$4 -> 300.28064 | Y66: =Vz!O66 -> 319.19247 | AC66: =S66/Y66 -> 1.5616841 | AG66: =U66/Y66 -> 0.63305802 | AK66: =W66/Y66 -> 0.940751
... L600: =IF('vertical grid'!B600>($C$2),0,'vertical grid'!D600) -> 0 | N600: =IF(L601=0,IF(L600>0,1,0),0) -> 0 | P600: =N600*Y600 -> 0 | S600: =L600/$G$2 -> 0 | U600: =L600/$G$3 -> 0 | W600: =L600/$G$4 -> 0 | Y600: =Vz!O600 -> 331.3 | AC600: =S600/Y600 -> 0 | AG600: =U600/Y600 -> 0 | AK600: =W600/Y600 -> 0

Sheet RAOB input
A1: =L1 -> 988 | B1: =M1 -> 229 | C1: =N1*10 -> 132 | D1: =O1 -> -2.8 | E1: =R1 -> 330 | F1: =(S1*0.51444)*10 -> 66.8772 | G1: Checklist: | H1: Delta-altitude ok? | I1: Negative value? | J1: =J2 -> 76 | K1: Paste here: | L1: 988 | M1: 229 | N1: 13.2 | O1: -2.8 | P1: 33 | Q1: 3.16 | R1: 330 | S1: 13 | T1: 287.3 | U1: 296.7 | V1: 287.9
A2: =L2 -> 979 | B2: =M2 -> 305 | C2: =N2*10 -> 125 | D2: =O2 -> -3.1 | E2: =R2 -> 330 | F2: =(S2*0.51444)*10 -> 66.8772 | G2: - valid T in first column? | H2: =IF((J2>500),1111111,0) -> 0 | I2: =IF((J2<0),1111111,0) -> 0 | J2: =B2-B1 -> 76 | L2: 979 | M2: 305 | N2: 12.5 | O2: -3.1 | P2: 34 | Q2: 3.13 | R2: 330 | S2: 13 | T2: 287.4 | U2: 296.6 | V2: 287.9
A3: =L3 -> 943.7 | B3: =M3 -> 610 | C3: =N3*10 -> 97 | D3: =O3 -> -4.2 | E3: =R3 -> 320 | F3: =(S3*0.51444)*10 -> 77.166 | G3: - all delta-z less than 500 tenths? | H3: =IF((J3>500),1111111,0) -> 0 | I3: =IF((J3<0),1111111,0) -> 0 | J3: =B3-B2 -> 305 | L3: 943.7 | M3: 610 | N3: 9.7 | O3: -4.2 | P3: 37 | Q3: 2.98 | R3: 320 | S3: 15 | T3: 287.6 | U3: 296.4 | V3: 288.1
A4: =L4 -> 925 | B4: =M4 -> 776 | C4: =N4*10 -> 82 | D4: =O4 -> -4.8 | E4: =R4 -> 315 | F4: =(S4*0.51444)*10 -> 77.166 | G4: - highest alt broken into ten slices? | H4: =IF((J4>500),1111111,0) -> 0 | I4: =IF((J4<0),1111111,0) -> 0 | J4: =B4-B3 -> 166 | L4: 925 | M4: 776 | N4: 8.2 | O4: -4.8 | P4: 39 | Q4: 2.91 | R4: 315 | S4: 15 | T4: 287.7 | U4: 296.3 | V4: 288.2
A5: =L5 -> 909.5 | B5: =M5 -> 914 | C5: =N5*10 -> 68 | D5: =O5 -> -5.2 | E5: =R5 -> 310 | F5: =(S5*0.51444)*10 -> 77.166 | H5: =IF((J5>500),1111111,0) -> 0 | I5: =IF((J5<0),1111111,0) -> 0 | J5: =B5-B4 -> 138 | L5: 909.5 | M5: 914 | N5: 6.8 | O5: -5.2 | P5: 42 | Q5: 2.87 | R5: 310 | S5: 15 | T5: 287.6 | U5: 296.2 | V5: 288.1
A6: =L6 -> 876 | B6: =M6 -> 1219 | C6: =N6*10 -> 37 | D6: =O6 -> -6.1 | E6: =R6 -> 305 | F6: =(S6*0.51444)*10 -> 72.0216 | H6: =IF((J6>500),1111111,0) -> 0 | I6: =IF((J6<0),1111111,0) -> 0 | J6: =B6-B5 -> 305 | L6: 876 | M6: 1219 | N6: 3.7 | O6: -6.1 | P6: 49 | Q6: 2.78 | R6: 305 | S6: 14 | T6: 287.5 | U6: 295.8 | V6: 288
A7: =L7 -> 850 | B7: =M7 -> 1465 | C7: =N7*10 -> 12 | D7: =O7 -> -6.8 | E7: =R7 -> 305 | F7: =(S7*0.51444)*10 -> 72.0216 | G7: By column: | H7: =IF((J7>500),1111111,0) -> 0 | I7: =IF((J7<0),1111111,0) -> 0 | J7: =B7-B6 -> 246 | L7: 850 | M7: 1465 | N7: 1.2 | O7: -6.8 | P7: 55 | Q7: 2.71 | R7: 305 | S7: 14 | T7: 287.4 | U7: 295.5 | V7: 287.9
A8: =L8 -> 843.8 | B8: =M8 -> 1524 | C8: =N8*10 -> 8 | D8: =O8 -> -6.8 | E8: =R8 -> 305 | F8: =(S8*0.51444)*10 -> 72.0216 | G8: (internal) | H8: =IF((J8>500),1111111,0) -> 0 | I8: =IF((J8<0),1111111,0) -> 0 | J8: =B8-B7 -> 59 | L8: 843.8 | M8: 1524 | N8: 0.8 | O8: -6.8 | P8: 57 | Q8: 2.73 | R8: 305 | S8: 14 | T8: 287.5 | U8: 295.7 | V8: 288
A9: =L9 -> 812.2 | B9: =M9 -> 1829 | C9: =N9*10 -> -16 | D9: =O9 -> -6.8 | E9: =R9 -> 310 | F9: =(S9*0.51444)*10 -> 92.5992 | G9: Pressure (hPa) | H9: =IF((J9>500),1111111,0) -> 0 | I9: =IF((J9<0),1111111,0) -> 0 | J9: =B9-B8 -> 305 | L9: 812.2 | M9: 1829 | N9: -1.6 | O9: -6.8 | P9: 68 | Q9: 2.84 | R9: 310 | S9: 18 | T9: 288.2 | U9: 296.6 | V9: 288.7
A10: =L10 -> 803 | B10: =M10 -> 1920 | C10: =N10*10 -> -23 | D10: =O10 -> -6.8 | E10: =R10 -> 311 | F10: =(S10*0.51444)*10 -> 102.888 | G10: Height (m) | H10: =IF((J10>500),1111111,0) -> 0 | I10: =IF((J10<0),1111111,0) -> 0 | J10: =B10-B9 -> 91 | L10: 803 | M10: 1920 | N10: -2.3 | O10: -6.8 | P10: 71 | Q10: 2.87 | R10: 311 | S10: 20 | T10: 288.4 | U10: 296.9 | V10: 288.9
A11: =L11 -> 800 | B11: =M11 -> 1950 | C11: =N11*10 -> -23 | D11: =O11 -> -17.3 | E11: =R11 -> 312 | F11: =(S11*0.51444)*10 -> 108.0324 | G11: Temp (tenths of C) | H11: =IF((J11>500),1111111,0) -> 0 | I11: =IF((J11<0),1111111,0) -> 0 | J11: =B11-B10 -> 30 | L11: 800 | M11: 1950 | N11: -2.3 | O11: -17.3 | P11: 31 | Q11: 1.24 | R11: 312 | S11: 21 | T11: 288.7 | U11: 292.6 | V11: 288.9
A12: =L12 -> 790 | B12: =M12 -> 2049 | C12: =N12*10 -> -27 | D12: =O12 -> -32.7 | E12: =R12 -> 314 | F12: =(S12*0.51444)*10 -> 118.3212 | G12: Dewpt | H12: =IF((J12>500),1111111,0) -> 0 | I12: =IF((J12<0),1111111,0) -> 0 | J12: =B12-B11 -> 99 | L12: 790 | M12: 2049 | N12: -2.7 | O12: -32.7 | P12: 8 | Q12: 0.31 | R12: 314 | S12: 23 | T12: 289.3 | U12: 290.4 | V12: 289.4
A13: =L13 -> 781.5 | B13: =M13 -> 2134 | C13: =N13*10 -> -34 | D13: =O13 -> -33.1 | E13: =R13 -> 315 | F13: =(S13*0.51444)*10 -> 128.61 | G13: Wind Dir (degrees) | H13: =IF((J13>500),1111111,0) -> 0 | I13: =IF((J13<0),1111111,0) -> 0 | J13: =B13-B12 -> 85 | L13: 781.5 | M13: 2134 | N13: -3.4 | O13: -33.1 | P13: 8 | Q13: 0.3 | R13: 315 | S13: 25 | T13: 289.4 | U13: 290.4 | V13: 289.5
A14: =L14 -> 751.6 | B14: =M14 -> 2438 | C14: =N14*10 -> -60 | D14: =O14 -> -34.8 | E14: =R14 -> 320 | F14: =(S14*0.51444)*10 -> 138.8988 | G14: Wind Speed (tenths of m/s) | H14: =IF((J14>500),1111111,0) -> 0 | I14: =IF((J14<0),1111111,0) -> 0 | J14: =B14-B13 -> 304 | L14: 751.6 | M14: 2438 | N14: -6 | O14: -34.8 | P14: 8 | Q14: 0.27 | R14: 320 | S14: 27 | T14: 289.9 | U14: 290.8 | V14: 289.9
A15: =L15 -> 722.8 | B15: =M15 -> 2743 | C15: =N15*10 -> -86 | D15: =O15 -> -36.4 | E15: =R15 -> 315 | F15: =(S15*0.51444)*10 -> 128.61 | H15: =IF((J15>500),1111111,0) -> 0 | I15: =IF((J15<0),1111111,0) -> 0 | J15: =B15-B14 -> 305 | L15: 722.8 | M15: 2743 | N15: -8.6 | O15: -36.4 | P15: 9 | Q15: 0.24 | R15: 315 | S15: 25 | T15: 290.3 | U15: 291.1 | V15: 290.3
A16: =L16 -> 700 | B16: =M16 -> 2993 | C16: =N16*10 -> -107 | D16: =O16 -> -37.7 | E16: =R16 -> 305 | F16: =(S16*0.51444)*10 -> 113.1768 | H16: =IF((J16>500),1111111,0) -> 0 | I16: =IF((J16<0),1111111,0) -> 0 | J16: =B16-B15 -> 250 | L16: 700 | M16: 2993 | N16: -10.7 | O16: -37.7 | P16: 9 | Q16: 0.21 | R16: 305 | S16: 22 | T16: 290.6 | U16: 291.4 | V16: 290.6
A17: =L17 -> 695 | B17: =M17 -> 3048 | C17: =N17*10 -> -112 | D17: =O17 -> -37.9 | E17: =R17 -> 295 | F17: =(S17*0.51444)*10 -> 118.3212 | H17: =IF((J17>500),1111111,0) -> 0 | I17: =IF((J17<0),1111111,0) -> 0 | J17: =B17-B16 -> 55 | L17: 695 | M17: 3048 | N17: -11.2 | O17: -37.9 | P17: 9 | Q17: 0.21 | R17: 295 | S17: 23 | T17: 290.7 | U17: 291.4 | V17: 290.7
A18: =L18 -> 663 | B18: =M18 -> 3408 | C18: =N18*10 -> -143 | D18: =O18 -> -39.3 | E18: =R18 -> 292 | F18: =(S18*0.51444)*10 -> 133.7544 | H18: =IF((J18>500),1111111,0) -> 0 | I18: =IF((J18<0),1111111,0) -> 0 | J18: =B18-B17 -> 360 | L18: 663 | M18: 3408 | N18: -14.3 | O18: -39.3 | P18: 10 | Q18: 0.19 | R18: 292 | S18: 26 | T18: 291.1 | U18: 291.8 | V18: 291.1
A19: =L19 -> 641.5 | B19: =M19 -> 3658 | C19: =N19*10 -> -155 | D19: =O19 -> -35.6 | E19: =R19 -> 290 | F19: =(S19*0.51444)*10 -> 144.0432 | H19: =IF((J19>500),1111111,0) -> 0 | I19: =IF((J19<0),1111111,0) -> 0 | J19: =B19-B18 -> 250 | L19: 641.5 | M19: 3658 | N19: -15.5 | O19: -35.6 | P19: 16 | Q19: 0.29 | R19: 290 | S19: 28 | T19: 292.5 | U19: 293.5 | V19: 292.6
A20: =L20 -> 641 | B20: =M20 -> 3664 | C20: =N20*10 -> -155 | D20: =O20 -> -35.5 | E20: =R20 -> 290 | F20: =(S20*0.51444)*10 -> 144.0432 | H20: =IF((J20>500),1111111,0) -> 0 | I20: =IF((J20<0),1111111,0) -> 0 | J20: =B20-B19 -> 6 | L20: 641 | M20: 3664 | N20: -15.5 | O20: -35.5 | P20: 16 | Q20: 0.29 | R20: 290 | S20: 28 | T20: 292.6 | U20: 293.6 | V20: 292.6
A21: =L21 -> 626 | B21: =M21 -> 3843 | C21: =N21*10 -> -137 | D21: =O21 -> -50.7 | E21: =R21 -> 289 | F21: =(S21*0.51444)*10 -> 154.332 | H21: =IF((J21>500),1111111,0) -> 0 | I21: =IF((J21<0),1111111,0) -> 0 | J21: =B21-B20 -> 179 | L21: 626 | M21: 3843 | N21: -13.7 | O21: -50.7 | P21: 3 | Q21: 0.06 | R21: 289 | S21: 30 | T21: 296.6 | U21: 296.8 | V21: 296.6
A22: =L22 -> 591.5 | B22: =M22 -> 4267 | C22: =N22*10 -> -171 | D22: =O22 -> -45.7 | E22: =R22 -> 285 | F22: =(S22*0.51444)*10 -> 169.7652 | H22: =IF((J22>500),1111111,0) -> 0 | I22: =IF((J22<0),1111111,0) -> 0 | J22: =B22-B21 -> 424 | L22: 591.5 | M22: 4267 | N22: -17.1 | O22: -45.7 | P22: 6 | Q22: 0.11 | R22: 285 | S22: 33 | T22: 297.4 | U22: 297.8 | V22: 297.4
A23: =L23 -> 567.8 | B23: =M23 -> 4572 | C23: =N23*10 -> -196 | D23: =O23 -> -42.1 | E23: =R23 -> 280 | F23: =(S23*0.51444)*10 -> 180.054 | H23: =IF((J23>500),1111111,0) -> 0 | I23: =IF((J23<0),1111111,0) -> 0 | J23: =B23-B22 -> 305 | L23: 567.8 | M23: 4572 | N23: -19.6 | O23: -42.1 | P23: 12 | Q23: 0.17 | R23: 280 | S23: 35 | T23: 298 | U23: 298.6 | V23: 298
A24: =L24 -> 545.1 | B24: =M24 -> 4877 | C24: =N24*10 -> -221 | D24: =O24 -> -38.5 | E24: =R24 -> 275 | F24: =(S24*0.51444)*10 -> 190.3428 | H24: =IF((J24>500),1111111,0) -> 0 | I24: =IF((J24<0),1111111,0) -> 0 | J24: =B24-B23 -> 305 | L24: 545.1 | M24: 4877 | N24: -22.1 | O24: -38.5 | P24: 21 | Q24: 0.25 | R24: 275 | S24: 37 | T24: 298.5 | U24: 299.4 | V24: 298.6
A25: =L25 -> 540 | B25: =M25 -> 4948 | C25: =N25*10 -> -227 | D25: =O25 -> -37.7 | E25: =R25 -> 273 | F25: =(S25*0.51444)*10 -> 200.6316 | H25: =IF((J25>500),1111111,0) -> 0 | I25: =IF((J25<0),1111111,0) -> 0 | J25: =B25-B24 -> 71 | L25: 540 | M25: 4948 | N25: -22.7 | O25: -37.7 | P25: 24 | Q25: 0.28 | R25: 273 | S25: 39 | T25: 298.7 | U25: 299.6 | V25: 298.7
A26: =L26 -> 514 | B26: =M26 -> 5309 | C26: =N26*10 -> -243 | D26: =O26 -> -52.3 | E26: =R26 -> 265 | F26: =(S26*0.51444)*10 -> 241.7868 | H26: =IF((J26>500),1111111,0) -> 0 | I26: =IF((J26<0),1111111,0) -> 0 | J26: =B26-B25 -> 361 | L26: 514 | M26: 5309 | N26: -24.3 | O26: -52.3 | P26: 6 | Q26: 0.06 | R26: 265 | S26: 47 | T26: 301 | U26: 301.2 | V26: 301
... A29: =L29 -> 460.9 | B29: =M29 -> 6096 | C29: =N29*10 -> -282 | D29: =O29 -> -57 | E29: =R29 -> 245 | F29: =(S29*0.51444)*10 -> 298.3752 | H29: =IF((J29>500),1111111,0) -> 0 | I29: =IF((J29<0),1111111,0) -> 0 | J29: =B29-B28 -> 92 | L29: 460.9 | M29: 6096 | N29: -28.2 | O29: -57 | P29: 5 | Q29: 0.04 | R29: 245 | S29: 58 | T29: 305.6 | U29: 305.8 | V29: 305.7
A30: 460.9 | B30: =B29+300 -> 6396 | C30: -282 | D30: -57 | E30: 245 | F30: 298.3752 | H30: =IF((J30>500),1111111,0) -> 0 | I30: =IF((J30<0),1111111,0) -> 0 | J30: =B30-B29 -> 300
A31: 400 | B31: =B30+300 -> 6696 | C31: -355 | D31: -62.5 | E31: 240 | F31: 360.108 | H31: =IF((J31>500),1111111,0) -> 0 | I31: =IF((J31<0),1111111,0) -> 0 | J31: =B31-B30 -> 300
A32: =L32 -> 400 | B32: =M32 -> 7100 | C32: =N32*10 -> -355 | D32: =O32 -> -62.5 | E32: =R32 -> 240 | F32: =(S32*0.51444)*10 -> 360.108 | H32: =IF((J32>500),1111111,0) -> 0 | I32: =IF((J32<0),1111111,0) -> 0 | J32: =B32-B31 -> 404 | L32: 400 | M32: 7100 | N32: -35.5 | O32: -62.5 | P32: 5 | Q32: 0.02 | R32: 240 | S32: 70 | T32: 308.8 | U32: 308.9 | V32: 308.8
A33: 370.5 | B33: =B32+300 -> 7400 | C33: -392 | D33: -61.7 | E33: 235 | F33: 421.8408 | H33: =IF((J33>500),1111111,0) -> 0 | I33: =IF((J33<0),1111111,0) -> 0 | J33: =B33-B32 -> 300
A34: =L34 -> 370.5 | B34: =M34 -> 7620 | C34: =N34*10 -> -392 | D34: =O34 -> -61.7 | E34: =R34 -> 235 | F34: =(S34*0.51444)*10 -> 421.8408 | H34: =IF((J34>500),1111111,0) -> 0 | I34: =IF((J34<0),1111111,0) -> 0 | J34: =B34-B33 -> 220 | L34: 370.5 | M34: 7620 | N34: -39.2 | O34: -61.7 | P34: 7 | Q34: 0.03 | R34: 235 | S34: 82 | T34: 310.8 | U34: 310.9 | V34: 310.8
A35: 338.6 | B35: =B34+300 -> 7920 | C35: -435 | D35: -60.7 | E35: 230 | F35: 478.4292 | H35: =IF((J35>500),1111111,0) -> 0 | I35: =IF((J35<0),1111111,0) -> 0 | J35: =B35-B34 -> 300
A36: =L36 -> 338.6 | B36: =M36 -> 8230 | C36: =N36*10 -> -435 | D36: =O36 -> -60.7 | E36: =R36 -> 230 | F36: =(S36*0.51444)*10 -> 478.4292 | H36: =IF((J36>500),1111111,0) -> 0 | I36: =IF((J36<0),1111111,0) -> 0 | J36: =B36-B35 -> 310 | L36: 338.6 | M36: 8230 | N36: -43.5 | O36: -60.7 | P36: 13 | Q36: 0.03 | R36: 230 | S36: 93 | T36: 313 | U36: 313.1 | V36: 313
A37: =L37 -> 315 | B37: =M37 -> 8719 | C37: =N37*10 -> -469 | D37: =O37 -> -59.9 | E37: =R37 -> 235 | F37: =(S37*0.51444)*10 -> 493.8624 | H37: =IF((J37>500),1111111,0) -> 0 | I37: =IF((J37<0),1111111,0) -> 0 | J37: =B37-B36 -> 489 | L37: 315 | M37: 8719 | N37: -46.9 | O37: -59.9 | P37: 21 | Q37: 0.04 | R37: 235 | S37: 96 | T37: 314.7 | U37: 314.9 | V37: 314.7
A38: =L38 -> 309.3 | B38: =M38 -> 8839 | C38: =N38*10 -> -477 | D38: =O38 -> -60.7 | E38: =R38 -> 235 | F38: =(S38*0.51444)*10 -> 473.2848 | H38: =IF((J38>500),1111111,0) -> 0 | I38: =IF((J38<0),1111111,0) -> 0 | J38: =B38-B37 -> 120 | L38: 309.3 | M38: 8839 | N38: -47.7 | O38: -60.7 | P38: 21 | Q38: 0.03 | R38: 235 | S38: 92 | T38: 315.2 | U38: 315.4 | V38: 315.2
A39: =L39 -> 300 | B39: =M39 -> 9040 | C39: =N39*10 -> -491 | D39: =O39 -> -62.1 | E39: =R39 -> 235 | F39: =(S39*0.51444)*10 -> 473.2848 | H39: =IF((J39>500),1111111,0) -> 0 | I39: =IF((J39<0),1111111,0) -> 0 | J39: =B39-B38 -> 201 | L39: 300 | M39: 9040 | N39: -49.1 | O39: -62.1 | P39: 20 | Q39: 0.03 | R39: 235 | S39: 92 | T39: 316 | U39: 316.2 | V39: 316
A40: =L40 -> 295.2 | B40: =M40 -> 9144 | C40: =N40*10 -> -498 | D40: =O40 -> -62.8 | E40: =R40 -> 235 | F40: =(S40*0.51444)*10 -> 468.1404 | H40: =IF((J40>500),1111111,0) -> 0 | I40: =IF((J40<0),1111111,0) -> 0 | J40: =B40-B39 -> 104 | L40: 295.2 | M40: 9144 | N40: -49.8 | O40: -62.8 | P40: 20 | Q40: 0.03 | R40: 235 | S40: 91 | T40: 316.6 | U40: 316.7 | V40: 316.6
A41: 256.3 | B41: =B40+300 -> 9444 | C41: -555 | D41: -69.3 | E41: 235 | F41: 447.5628 | H41: =IF((J41>500),1111111,0) -> 0 | I41: =IF((J41<0),1111111,0) -> 0 | J41: =B41-B40 -> 300
A42: 256.3 | B42: =B41+300 -> 9744 | C42: -555 | D42: -69.3 | E42: 235 | F42: 447.5628 | H42: =IF((J42>500),1111111,0) -> 0 | I42: =IF((J42<0),1111111,0) -> 0 | J42: =B42-B41 -> 300
A43: =L43 -> 256.3 | B43: =M43 -> 10058 | C43: =N43*10 -> -555 | D43: =O43 -> -69.3 | E43: =R43 -> 235 | F43: =(S43*0.51444)*10 -> 447.5628 | H43: =IF((J43>500),1111111,0) -> 0 | I43: =IF((J43<0),1111111,0) -> 0 | J43: =B43-B42 -> 314 | L43: 256.3 | M43: 10058 | N43: -55.5 | O43: -69.3 | P43: 16 | Q43: 0.01 | R43: 235 | S43: 87 | T43: 321.1 | U43: 321.2 | V43: 321.1
A44: =L44 -> 250 | B44: =M44 -> 10220 | C44: =N44*10 -> -565 | D44: =O44 -> -70.5 | E44: =R44 -> 235 | F44: =(S44*0.51444)*10 -> 437.274 | H44: =IF((J44>500),1111111,0) -> 0 | I44: =IF((J44<0),1111111,0) -> 0 | J44: =B44-B43 -> 162 | L44: 250 | M44: 10220 | N44: -56.5 | O44: -70.5 | P44: 16 | Q44: 0.01 | R44: 235 | S44: 85 | T44: 321.9 | U44: 322 | V44: 321.9
A45: =L45 -> 239 | B45: =M45 -> 10505 | C45: =N45*10 -> -583 | D45: =O45 -> -72.3 | E45: =R45 -> 240 | F45: =(S45*0.51444)*10 -> 406.4076 | H45: =IF((J45>500),1111111,0) -> 0 | I45: =IF((J45<0),1111111,0) -> 0 | J45: =B45-B44 -> 285 | L45: 239 | M45: 10505 | N45: -58.3 | O45: -72.3 | P45: 15 | Q45: 0.01 | R45: 240 | S45: 79 | T45: 323.4 | U45: 323.4 | V45: 323.4
A46: =L46 -> 233 | B46: =M46 -> 10668 | C46: =N46*10 -> -576 | D46: =O46 -> -72.6 | E46: =R46 -> 240 | F46: =(S46*0.51444)*10 -> 396.1188 | H46: =IF((J46>500),1111111,0) -> 0 | I46: =IF((J46<0),1111111,0) -> 0 | J46: =B46-B45 -> 163 | L46: 233 | M46: 10668 | N46: -57.6 | O46: -72.6 | P46: 13 | Q46: 0.01 | R46: 240 | S46: 77 | T46: 326.8 | U46: 326.9 | V46: 326.8
A47: 201.8 | B47: =B46+300 -> 10968 | C47: -538 | D47: -74.4 | E47: 255 | F47: 282.942 | H47: =IF((J47>500),1111111,0) -> 0 | I47: =IF((J47<0),1111111,0) -> 0 | J47: =B47-B46 -> 300
A48: 201.8 | B48: =B47+300 -> 11268 | C48: -538 | D48: -74.4 | E48: 255 | F48: 282.942 | H48: =IF((J48>500),1111111,0) -> 0 | I48: =IF((J48<0),1111111,0) -> 0 | J48: =B48-B47 -> 300
A49: =L49 -> 201.8 | B49: =M49 -> 11582 | C49: =N49*10 -> -538 | D49: =O49 -> -74.4 | E49: =R49 -> 255 | F49: =(S49*0.51444)*10 -> 282.942 | H49: =IF((J49>500),1111111,0) -> 0 | I49: =IF((J49<0),1111111,0) -> 0 | J49: =B49-B48 -> 314 | L49: 201.8 | M49: 11582 | N49: -53.8 | O49: -74.4 | P49: 6 | Q49: 0.01 | R49: 255 | S49: 55 | T49: 346.6 | U49: 346.6 | V49: 346.6
A50: =L50 -> 200 | B50: =M50 -> 11640 | C50: =N50*10 -> -535 | D50: =O50 -> -74.5 | E50: =R50 -> 255 | F50: =(S50*0.51444)*10 -> 277.7976 | H50: =IF((J50>500),1111111,0) -> 0 | I50: =IF((J50<0),1111111,0) -> 0 | J50: =B50-B49 -> 58 | L50: 200 | M50: 11640 | N50: -53.5 | O50: -74.5 | P50: 6 | Q50: 0.01 | R50: 255 | S50: 54 | T50: 347.9 | U50: 347.9 | V50: 347.9
A51: =L51 -> 189 | B51: =M51 -> 12004 | C51: =N51*10 -> -511 | D51: =O51 -> -75.1 | E51: =R51 -> 256 | F51: =(S51*0.51444)*10 -> 272.6532 | H51: =IF((J51>500),1111111,0) -> 0 | I51: =IF((J51<0),1111111,0) -> 0 | J51: =B51-B50 -> 364 | L51: 189 | M51: 12004 | N51: -51.1 | O51: -75.1 | P51: 4 | Q51: 0.01 | R51: 256 | S51: 53 | T51: 357.4 | U51: 357.5 | V51: 357.4
A52: 150 | B52: =B51+300 -> 12304 | C52: -543 | D52: -78.3 | E52: 260 | F52: 241.7868 | H52: =IF((J52>500),1111111,0) -> 0 | I52: =IF((J52<0),1111111,0) -> 0 | J52: =B52-B51 -> 300
A53: 150 | B53: =B52+300 -> 12604 | C53: -543 | D53: -78.3 | E53: 260 | F53: 241.7868 | H53: =IF((J53>500),1111111,0) -> 0 | I53: =IF((J53<0),1111111,0) -> 0 | J53: =B53-B52 -> 300
A54: 150 | B54: =B53+300 -> 12904 | C54: -543 | D54: -78.3 | E54: 260 | F54: 241.7868 | H54: =IF((J54>500),1111111,0) -> 0 | I54: =IF((J54<0),1111111,0) -> 0 | J54: =B54-B53 -> 300
A55: 150 | B55: =B54+300 -> 13204 | C55: -543 | D55: -78.3 | E55: 260 | F55: 241.7868 | H55: =IF((J55>500),1111111,0) -> 0 | I55: =IF((J55<0),1111111,0) -> 0 | J55: =B55-B54 -> 300
A56: =L56 -> 150 | B56: =M56 -> 13490 | C56: =N56*10 -> -543 | D56: =O56 -> -78.3 | E56: =R56 -> 260 | F56: =(S56*0.51444)*10 -> 241.7868 | H56: =IF((J56>500),1111111,0) -> 0 | I56: =IF((J56<0),1111111,0) -> 0 | J56: =B56-B55 -> 286 | L56: 150 | M56: 13490 | N56: -54.3 | O56: -78.3 | P56: 4 | Q56: 0.01 | R56: 260 | S56: 47 | T56: 376.3 | U56: 376.4 | V56: 376.3
A57: 131.6 | B57: =B56+400 -> 13890 | C57: -559 | D57: -80.9 | E57: 260 | F57: 231.498 | H57: =IF((J57>500),1111111,0) -> 0 | I57: =IF((J57<0),1111111,0) -> 0 | J57: =B57-B56 -> 400
A58: =L58 -> 131.6 | B58: =M58 -> 14326 | C58: =N58*10 -> -559 | D58: =O58 -> -80.9 | E58: =R58 -> 260 | F58: =(S58*0.51444)*10 -> 231.498 | H58: =IF((J58>500),1111111,0) -> 0 | I58: =IF((J58<0),1111111,0) -> 0 | J58: =B58-B57 -> 436 | L58: 131.6 | M58: 14326 | N58: -55.9 | O58: -80.9 | P58: 3 | Q58: 0 | R58: 260 | S58: 45 | T58: 387.7 | U58: 387.7 | V58: 387.7
A59: =L59 -> 130 | B59: =M59 -> 14406 | C59: =N59*10 -> -561 | D59: =O59 -> -81.1 | E59: =R59 -> 261 | F59: =(S59*0.51444)*10 -> 226.3536 | H59: =IF((J59>500),1111111,0) -> 0 | I59: =IF((J59<0),1111111,0) -> 0 | J59: =B59-B58 -> 80 | L59: 130 | M59: 14406 | N59: -56.1 | O59: -81.1 | P59: 3 | Q59: 0 | R59: 261 | S59: 44 | T59: 388.8 | U59: 388.8 | V59: 388.8
A60: 115 | B60: =B59+400 -> 14806 | C60: -533 | D60: -79.3 | E60: 274 | F60: 180.054 | H60: =IF((J60>500),1111111,0) -> 0 | I60: =IF((J60<0),1111111,0) -> 0 | J60: =B60-B59 -> 400
A61: =L61 -> 115 | B61: =M61 -> 15192 | C61: =N61*10 -> -533 | D61: =O61 -> -79.3 | E61: =R61 -> 274 | F61: =(S61*0.51444)*10 -> 180.054 | H61: =IF((J61>500),1111111,0) -> 0 | I61: =IF((J61<0),1111111,0) -> 0 | J61: =B61-B60 -> 386 | L61: 115 | M61: 15192 | N61: -53.3 | O61: -79.3 | P61: 3 | Q61: 0.01 | R61: 274 | S61: 35 | T61: 407.9 | U61: 407.9 | V61: 407.9
A62: =L62 -> 114.1 | B62: =M62 -> 15240 | C62: =N62*10 -> -534 | D62: =O62 -> -79.4 | E62: =R62 -> 275 | F62: =(S62*0.51444)*10 -> 174.9096 | H62: =IF((J62>500),1111111,0) -> 0 | I62: =IF((J62<0),1111111,0) -> 0 | J62: =B62-B61 -> 48 | L62: 114.1 | M62: 15240 | N62: -53.4 | O62: -79.4 | P62: 3 | Q62: 0.01 | R62: 275 | S62: 34 | T62: 408.5 | U62: 408.6 | V62: 408.6
A63: 103.8 | B63: =B62+300 -> 15540 | C63: -546 | D63: -80.6 | E63: 275 | F63: 108.0324 | H63: =IF((J63>500),1111111,0) -> 0 | I63: =IF((J63<0),1111111,0) -> 0 | J63: =B63-B62 -> 300
A64: =L64 -> 103.8 | B64: =M64 -> 15850 | C64: =N64*10 -> -546 | D64: =O64 -> -80.6 | E64: =R64 -> 275 | F64: =(S64*0.51444)*10 -> 108.0324 | H64: =IF((J64>500),1111111,0) -> 0 | I64: =IF((J64<0),1111111,0) -> 0 | J64: =B64-B63 -> 310 | L64: 103.8 | M64: 15850 | N64: -54.6 | O64: -80.6 | P64: 3 | Q64: 0.01 | R64: 275 | S64: 21 | T64: 417.4 | U64: 417.5 | V64: 417.4
A65: =L65 -> 100 | B65: =M65 -> 16090 | C65: =N65*10 -> -551 | D65: =O65 -> -81.1 | E65: =R65 -> 275 | F65: =(S65*0.51444)*10 -> 102.888 | H65: =IF((J65>500),1111111,0) -> 0 | I65: =IF((J65<0),1111111,0) -> 0 | J65: =B65-B64 -> 240 | L65: 100 | M65: 16090 | N65: -55.1 | O65: -81.1 | P65: 3 | Q65: 0.01 | R65: 275 | S65: 20 | T65: 421 | U65: 421 | V65: 421
A66: =L66 -> 99 | B66: =M66 -> 16154 | C66: =N66*10 -> -552 | D66: =O66 -> -81.1 | E66: =R66 -> 270 | F66: =(S66*0.51444)*10 -> 102.888 | H66: =IF((J66>500),1111111,0) -> 0 | I66: =IF((J66<0),1111111,0) -> 0 | J66: =B66-B65 -> 64 | L66: 99 | M66: 16154 | N66: -55.2 | O66: -81.1 | P66: 3 | Q66: 0.01 | R66: 270 | S66: 20 | T66: 421.9 | U66: 421.9 | V66: 421.9
A67: =L67 -> 93.3 | B67: =M67 -> 16532 | C67: =N67*10 -> -561 | D67: =O67 -> -81.1 | E67: =R67 -> 264 | F67: =(S67*0.51444)*10 -> 102.888 | H67: =IF((J67>500),1111111,0) -> 0 | I67: =IF((J67<0),1111111,0) -> 0 | J67: =B67-B66 -> 378 | L67: 93.3 | M67: 16532 | N67: -56.1 | O67: -81.1 | P67: 3 | Q67: 0.01 | R67: 264 | S67: 20 | T67: 427.4 | U67: 427.5 | V67: 427.4
A68: 81.7 | B68: =B67+400 -> 16932 | C68: -568 | D68: -81.8 | E68: 250 | F68: 108.0324 | H68: =IF((J68>500),1111111,0) -> 0 | I68: =IF((J68<0),1111111,0) -> 0 | J68: =B68-B67 -> 400
A69: =L69 -> 81.7 | B69: =M69 -> 17374 | C69: =N69*10 -> -568 | D69: =O69 -> -81.8 | E69: =R69 -> 250 | F69: =(S69*0.51444)*10 -> 108.0324 | H69: =IF((J69>500),1111111,0) -> 0 | I69: =IF((J69<0),1111111,0) -> 0 | J69: =B69-B68 -> 442 | L69: 81.7 | M69: 17374 | N69: -56.8 | O69: -81.8 | P69: 3 | Q69: 0.01 | R69: 250 | S69: 21 | T69: 442.5 | U69: 442.5 | V69: 442.5
A70: 70 | B70: =B69+490 -> 17864 | C70: -577 | D70: -82.7 | E70: 265 | F70: 133.7544 | H70: =IF((J70>500),1111111,0) -> 0 | I70: =IF((J70<0),1111111,0) -> 0 | J70: =B70-B69 -> 490
A71: =L71 -> 70 | B71: =M71 -> 18350 | C71: =N71*10 -> -577 | D71: =O71 -> -82.7 | E71: =R71 -> 265 | F71: =(S71*0.51444)*10 -> 133.7544 | H71: =IF((J71>500),1111111,0) -> 0 | I71: =IF((J71<0),1111111,0) -> 0 | J71: =B71-B70 -> 486 | L71: 70 | M71: 18350 | N71: -57.7 | O71: -82.7 | P71: 3 | Q71: 0.01 | R71: 265 | S71: 26 | T71: 460.6 | U71: 460.6 | V71: 460.6
A72: 61.1 | B72: =B71+400 -> 18750 | C72: -580 | D72: -83 | E72: 290 | F72: 66.8772 | H72: =IF((J72>500),1111111,0) -> 0 | I72: =IF((J72<0),1111111,0) -> 0 | J72: =B72-B71 -> 400
A73: =L73 -> 61.1 | B73: =M73 -> 19202 | C73: =N73*10 -> -580 | D73: =O73 -> -83 | E73: =R73 -> 290 | F73: =(S73*0.51444)*10 -> 66.8772 | H73: =IF((J73>500),1111111,0) -> 0 | I73: =IF((J73<0),1111111,0) -> 0 | J73: =B73-B72 -> 452 | L73: 61.1 | M73: 19202 | N73: -58 | O73: -83 | P73: 3 | Q73: 0.01 | R73: 290 | S73: 13 | T73: 478 | U73: 478.1 | V73: 478
A74: 50 | B74: =B73+400 -> 19602 | C74: -585 | D74: -83.5 | E74: 285 | F74: 41.1552 | H74: =IF((J74>500),1111111,0) -> 0 | I74: =IF((J74<0),1111111,0) -> 0 | J74: =B74-B73 -> 400
A75: 50 | B75: =B74+400 -> 20002 | C75: -585 | D75: -83.5 | E75: 285 | F75: 41.1552 | H75: =IF((J75>500),1111111,0) -> 0 | I75: =IF((J75<0),1111111,0) -> 0 | J75: =B75-B74 -> 400
A76: =L76 -> 50 | B76: =M76 -> 20470 | C76: =N76*10 -> -585 | D76: =O76 -> -83.5 | E76: =R76 -> 285 | F76: =(S76*0.51444)*10 -> 41.1552 | H76: =IF((J76>500),1111111,0) -> 0 | I76: =IF((J76<0),1111111,0) -> 0 | J76: =B76-B75 -> 468 | L76: 50 | M76: 20470 | N76: -58.5 | O76: -83.5 | P76: 3 | Q76: 0.01 | R76: 285 | S76: 8 | T76: 505.2 | U76: 505.2 | V76: 505.2
A77: 43.6 | B77: =B76+400 -> 20870 | C77: -584 | D77: -83.4 | E77: 275 | F77: 66.8772 | H77: =IF((J77>500),1111111,0) -> 0 | I77: =IF((J77<0),1111111,0) -> 0 | J77: =B77-B76 -> 400
A78: =L78 -> 43.6 | B78: =M78 -> 21336 | C78: =N78*10 -> -584 | D78: =O78 -> -83.4 | E78: =R78 -> 275 | F78: =(S78*0.51444)*10 -> 66.8772 | H78: =IF((J78>500),1111111,0) -> 0 | I78: =IF((J78<0),1111111,0) -> 0 | J78: =B78-B77 -> 466 | L78: 43.6 | M78: 21336 | N78: -58.4 | O78: -83.4 | P78: 3 | Q78: 0.01 | R78: 275 | S78: 13 | T78: 525.6 | U78: 525.7 | V78: 525.6
A79: 30 | B79: =B78+400 -> 21736 | C79: -581 | D79: -83.1 | E79: 300 | F79: 25.722 | H79: =IF((J79>500),1111111,0) -> 0 | I79: =IF((J79<0),1111111,0) -> 0 | J79: =B79-B78 -> 400
A80: 30 | B80: =B79+400 -> 22136 | C80: -581 | D80: -83.1 | E80: 300 | F80: 25.722 | H80: =IF((J80>500),1111111,0) -> 0 | I80: =IF((J80<0),1111111,0) -> 0 | J80: =B80-B79 -> 400
A81: 30 | B81: =B80+400 -> 22536 | C81: -581 | D81: -83.1 | E81: 300 | F81: 25.722 | H81: =IF((J81>500),1111111,0) -> 0 | I81: =IF((J81<0),1111111,0) -> 0 | J81: =B81-B80 -> 400
A82: 30 | B82: =B81+400 -> 22936 | C82: -581 | D82: -83.1 | E82: 300 | F82: 25.722 | H82: =IF((J82>500),1111111,0) -> 0 | I82: =IF((J82<0),1111111,0) -> 0 | J82: =B82-B81 -> 400
A83: 30 | B83: =B82+400 -> 23336 | C83: -581 | D83: -83.1 | E83: 300 | F83: 25.722 | H83: =IF((J83>500),1111111,0) -> 0 | I83: =IF((J83<0),1111111,0) -> 0 | J83: =B83-B82 -> 400
A84: =L84 -> 30 | B84: =M84 -> 23700 | C84: =N84*10 -> -581 | D84: =O84 -> -83.1 | E84: =R84 -> 300 | F84: =(S84*0.51444)*10 -> 25.722 | H84: =IF((J84>500),1111111,0) -> 0 | I84: =IF((J84<0),1111111,0) -> 0 | J84: =B84-B83 -> 364 | L84: 30 | M84: 23700 | N84: -58.1 | O84: -83.1 | P84: 3 | Q84: 0.01 | R84: 300 | S84: 5 | T84: 585.7 | U84: 585.8 | V84: 585.7
A85: 22.9 | B85: =B84+400 -> 24100 | C85: -591 | D85: -83.1 | E85: 337 | F85: 20.5776 | H85: =IF((J85>500),1111111,0) -> 0 | I85: =IF((J85<0),1111111,0) -> 0 | J85: =B85-B84 -> 400
A86: 22.9 | B86: =B85+400 -> 24500 | C86: -591 | D86: -83.1 | E86: 337 | F86: 20.5776 | H86: =IF((J86>500),1111111,0) -> 0 | I86: =IF((J86<0),1111111,0) -> 0 | J86: =B86-B85 -> 400
A87: 22.9 | B87: =B86+420 -> 24920 | C87: -591 | D87: -83.1 | E87: 337 | F87: 20.5776 | H87: =IF((J87>500),1111111,0) -> 0 | I87: =IF((J87<0),1111111,0) -> 0 | J87: =B87-B86 -> 420
A88: =L88 -> 22.9 | B88: =M88 -> 25403 | C88: =N88*10 -> -591 | D88: =O88 -> -83.1 | E88: =R88 -> 337 | F88: =(S88*0.51444)*10 -> 20.5776 | H88: =IF((J88>500),1111111,0) -> 0 | I88: =IF((J88<0),1111111,0) -> 0 | J88: =B88-B87 -> 483 | L88: 22.9 | M88: 25403 | N88: -59.1 | O88: -83.1 | P88: 3 | Q88: 0.02 | R88: 337 | S88: 4 | T88: 629.7 | U88: 629.9 | V88: 629.7
A89: 20 | B89: =B88+400 -> 25803 | C89: -565 | D89: -81.5 | E89: 355 | F89: 15.4332 | H89: =IF((J89>500),1111111,0) -> 0 | I89: =IF((J89<0),1111111,0) -> 0 | J89: =B89-B88 -> 400
A90: =L90 -> 20 | B90: =M90 -> 26260 | C90: =N90*10 -> -565 | D90: =O90 -> -81.5 | E90: =R90 -> 355 | F90: =(S90*0.51444)*10 -> 15.4332 | H90: =IF((J90>500),1111111,0) -> 0 | I90: =IF((J90<0),1111111,0) -> 0 | J90: =B90-B89 -> 457 | L90: 20 | M90: 26260 | N90: -56.5 | O90: -81.5 | P90: 3 | Q90: 0.03 | R90: 355 | S90: 3 | T90: 662.5 | U90: 662.8 | V90: 662.5
A91: 16.6 | B91: =B90+400 -> 26660 | C91: -550 | D91: -80.7 | E91: 5 | F91: 10.2888 | H91: =IF((J91>500),1111111,0) -> 0 | I91: =IF((J91<0),1111111,0) -> 0 | J91: =B91-B90 -> 400
A92: 16.6 | B92: =B91+450 -> 27110 | C92: -550 | D92: -80.7 | E92: 5 | F92: 10.2888 | H92: =IF((J92>500),1111111,0) -> 0 | I92: =IF((J92<0),1111111,0) -> 0 | J92: =B92-B91 -> 450
A93: =L93 -> 16.6 | B93: =B92+450 -> 27560 | C93: =N93*10 -> -550 | D93: =O93 -> -80.7 | E93: =R93 -> 5 | F93: =(S93*0.51444)*10 -> 10.2888 | H93: =IF((J93>500),1111111,0) -> 0 | I93: =IF((J93<0),1111111,0) -> 0 | J93: =B93-B92 -> 450 | L93: 16.6 | M93: 27432 | N93: -55 | O93: -80.7 | P93: 3 | Q93: 0.04 | R93: 5 | S93: 2 | T93: 702.8 | U93: 703.1 | V93: 702.8
A94: 12.5 | B94: =B93+450 -> 28010 | C94: -528 | D94: -79.5 | E94: 5 | F94: 41.1552 | H94: =IF((J94>500),1111111,0) -> 0 | I94: =IF((J94<0),1111111,0) -> 0 | J94: =B94-B93 -> 450
A95: 12.5 | B95: =B94+450 -> 28460 | C95: -528 | D95: -79.5 | E95: 5 | F95: 41.1552 | H95: =IF((J95>500),1111111,0) -> 0 | I95: =IF((J95<0),1111111,0) -> 0 | J95: =B95-B94 -> 450
A96: 12.5 | B96: =B95+400 -> 28860 | C96: -528 | D96: -79.5 | E96: 5 | F96: 41.1552 | H96: =IF((J96>500),1111111,0) -> 0 | I96: =IF((J96<0),1111111,0) -> 0 | J96: =B96-B95 -> 400
A97: =L97 -> 12.5 | B97: =M97 -> 29261 | C97: =N97*10 -> -528 | D97: =O97 -> -79.5 | E97: =R97 -> 5 | F97: =(S97*0.51444)*10 -> 41.1552 | H97: =IF((J97>500),1111111,0) -> 0 | I97: =IF((J97<0),1111111,0) -> 0 | J97: =B97-B96 -> 401 | L97: 12.5 | M97: 29261 | N97: -52.8 | O97: -79.5 | P97: 3 | Q97: 0.06 | R97: 5 | S97: 8 | T97: 770.5 | U97: 771.1 | V97: 770.5
A98: =L98 -> 0 | B98: =M98 -> 0 | C98: =N98*10 -> 0 | D98: =O98 -> 0 | E98: =R98 -> 0 | F98: =(S98*0.51444)*10 -> 0 | H98: =IF((J98>500),1111111,0) -> 0 | I98: =IF((J98<0),1111111,0) -> 1111111 | J98: =B98-B97 -> -29261
A99: =L99 -> 0 | B99: =M99 -> 0 | C99: =N99*10 -> 0 | D99: =O99 -> 0 | E99: =R99 -> 0 | F99: =(S99*0.51444)*10 -> 0 | H99: =IF((J99>500),1111111,0) -> 0 | I99: =IF((J99<0),1111111,0) -> 0 | J99: =B99-B98 -> 0
A100: =L100 -> 0 | B100: =M100 -> 0 | C100: =N100*10 -> 0 | D100: =O100 -> 0 | E100: =R100 -> 0 | F100: =(S100*0.51444)*10 -> 0 | H100: =IF((J100>500),1111111,0) -> 0 | I100: =IF((J100<0),1111111,0) -> 0 | J100: =B100-B99 -> 0
A101: =L101 -> 0 | B101: =M101 -> 0 | C101: =N101*10 -> 0 | D101: =O101 -> 0 | E101: =R101 -> 0 | F101: =(S101*0.51444)*10 -> 0 | H101: =IF((J101>500),1111111,0) -> 0 | I101: =IF((J101<0),1111111,0) -> 0 | J101: =B101-B100 -> 0
A102: =L102 -> 0 | B102: =M102 -> 0 | C102: =N102*10 -> 0 | D102: =O102 -> 0 | E102: =R102 -> 0 | F102: =(S102*0.51444)*10 -> 0 | H102: =IF((J102>500),1111111,0) -> 0 | I102: =IF((J102<0),1111111,0) -> 0 | J102: =B102-B101 -> 0
...

Sheet RAOB interpolated
A1: Triple-expanded | B1: =I1 -> 988 | C1: =IF(B1>0,J1,0) -> 229 | D1: =K1 -> 132 | E1: =L1 -> -2.8 | F1: =M1 -> 330 | G1: =N1 -> 66.8772 | H1: Re-space | I1: ='RAOB input'!A1 -> 988 | J1: ='RAOB input'!B1 -> 229 | K1: ='RAOB input'!C1 -> 132 | L1: ='RAOB input'!D1 -> -2.8 | M1: ='RAOB input'!E1 -> 330 | N1: ='RAOB input'!F1 -> 66.8772
A2: USE THESE VALUES | B2: =I4 -> 979 | C2: =C1+((C4-C1)/3) -> 254.33333 | D2: =K4 -> 125 | E2: =L4 -> -3.1 | F2: =M4 -> 330 | G2: =N4 -> 66.8772
B3: =B2 -> 979 | C3: =C1+(2*(C2-C1)) -> 279.66667 | D3: =D2 -> 125 | E3: =E2 -> -3.1 | F3: =F2 -> 330 | G3: =G2 -> 66.8772
A4: DO NOT USE THE | B4: =B2 -> 979 | C4: =J4 -> 305 | D4: =D2 -> 125 | E4: =E2 -> -3.1 | F4: =F2 -> 330 | G4: =G2 -> 66.8772 | I4: ='RAOB input'!A2 -> 979 | J4: ='RAOB input'!B2 -> 305 | K4: ='RAOB input'!C2 -> 125 | L4: ='RAOB input'!D2 -> -3.1 | M4: ='RAOB input'!E2 -> 330 | N4: ='RAOB input'!F2 -> 66.8772
A5: BOTTOM TWO LINES | B5: =I7 -> 943.7 | C5: =C4+((C7-C4)/3) -> 406.66667 | D5: =K7 -> 97 | E5: =L7 -> -4.2 | F5: =M7 -> 320 | G5: =N7 -> 77.166
B6: =B5 -> 943.7 | C6: =C4+(2*(C5-C4)) -> 508.33333 | D6: =D5 -> 97 | E6: =E5 -> -4.2 | F6: =F5 -> 320 | G6: =G5 -> 77.166
B7: =B5 -> 943.7 | C7: =J7 -> 610 | D7: =D5 -> 97 | E7: =E5 -> -4.2 | F7: =F5 -> 320 | G7: =G5 -> 77.166 | I7: ='RAOB input'!A3 -> 943.7 | J7: ='RAOB input'!B3 -> 610 | K7: ='RAOB input'!C3 -> 97 | L7: ='RAOB input'!D3 -> -4.2 | M7: ='RAOB input'!E3 -> 320 | N7: ='RAOB input'!F3 -> 77.166
B8: =I10 -> 925 | C8: =C7+((C10-C7)/3) -> 665.33333 | D8: =K10 -> 82 | E8: =L10 -> -4.8 | F8: =M10 -> 315 | G8: =N10 -> 77.166
B9: =B8 -> 925 | C9: =C7+(2*(C8-C7)) -> 720.66667 | D9: =D8 -> 82 | E9: =E8 -> -4.8 | F9: =F8 -> 315 | G9: =G8 -> 77.166
B10: =B8 -> 925 | C10: =J10 -> 776 | D10: =D8 -> 82 | E10: =E8 -> -4.8 | F10: =F8 -> 315 | G10: =G8 -> 77.166 | I10: ='RAOB input'!A4 -> 925 | J10: ='RAOB input'!B4 -> 776 | K10: ='RAOB input'!C4 -> 82 | L10: ='RAOB input'!D4 -> -4.8 | M10: ='RAOB input'!E4 -> 315 | N10: ='RAOB input'!F4 -> 77.166
B11: =I13 -> 909.5 | C11: =C10+((C13-C10)/3) -> 822 | D11: =K13 -> 68 | E11: =L13 -> -5.2 | F11: =M13 -> 310 | G11: =N13 -> 77.166
B12: =B11 -> 909.5 | C12: =C10+(2*(C11-C10)) -> 868 | D12: =D11 -> 68 | E12: =E11 -> -5.2 | F12: =F11 -> 310 | G12: =G11 -> 77.166
B13: =B11 -> 909.5 | C13: =J13 -> 914 | D13: =D11 -> 68 | E13: =E11 -> -5.2 | F13: =F11 -> 310 | G13: =G11 -> 77.166 | H13: 5 | I13: ='RAOB input'!A5 -> 909.5 | J13: ='RAOB input'!B5 -> 914 | K13: ='RAOB input'!C5 -> 68 | L13: ='RAOB input'!D5 -> -5.2 | M13: ='RAOB input'!E5 -> 310 | N13: ='RAOB input'!F5 -> 77.166
B14: =I16 -> 876 | C14: =C13+((C16-C13)/3) -> 1015.6667 | D14: =K16 -> 37 | E14: =L16 -> -6.1 | F14: =M16 -> 305 | G14: =N16 -> 72.0216
B15: =B14 -> 876 | C15: =C13+(2*(C14-C13)) -> 1117.3333 | D15: =D14 -> 37 | E15: =E14 -> -6.1 | F15: =F14 -> 305 | G15: =G14 -> 72.0216
B16: =B14 -> 876 | C16: =J16 -> 1219 | D16: =D14 -> 37 | E16: =E14 -> -6.1 | F16: =F14 -> 305 | G16: =G14 -> 72.0216 | I16: ='RAOB input'!A6 -> 876 | J16: ='RAOB input'!B6 -> 1219 | K16: ='RAOB input'!C6 -> 37 | L16: ='RAOB input'!D6 -> -6.1 | M16: ='RAOB input'!E6 -> 305 | N16: ='RAOB input'!F6 -> 72.0216
B17: =I19 -> 850 | C17: =C16+((C19-C16)/3) -> 1301 | D17: =K19 -> 12 | E17: =L19 -> -6.8 | F17: =M19 -> 305 | G17: =N19 -> 72.0216
B18: =B17 -> 850 | C18: =C16+(2*(C17-C16)) -> 1383 | D18: =D17 -> 12 | E18: =E17 -> -6.8 | F18: =F17 -> 305 | G18: =G17 -> 72.0216
B19: =B17 -> 850 | C19: =J19 -> 1465 | D19: =D17 -> 12 | E19: =E17 -> -6.8 | F19: =F17 -> 305 | G19: =G17 -> 72.0216 | I19: ='RAOB input'!A7 -> 850 | J19: ='RAOB input'!B7 -> 1465 | K19: ='RAOB input'!C7 -> 12 | L19: ='RAOB input'!D7 -> -6.8 | M19: ='RAOB input'!E7 -> 305 | N19: ='RAOB input'!F7 -> 72.0216
B20: =I22 -> 843.8 | C20: =C19+((C22-C19)/3) -> 1484.6667 | D20: =K22 -> 8 | E20: =L22 -> -6.8 | F20: =M22 -> 305 | G20: =N22 -> 72.0216
B21: =B20 -> 843.8 | C21: =C19+(2*(C20-C19)) -> 1504.3333 | D21: =D20 -> 8 | E21: =E20 -> -6.8 | F21: =F20 -> 305 | G21: =G20 -> 72.0216
B22: =B20 -> 843.8 | C22: =J22 -> 1524 | D22: =D20 -> 8 | E22: =E20 -> -6.8 | F22: =F20 -> 305 | G22: =G20 -> 72.0216 | I22: ='RAOB input'!A8 -> 843.8 | J22: ='RAOB input'!B8 -> 1524 | K22: ='RAOB input'!C8 -> 8 | L22: ='RAOB input'!D8 -> -6.8 | M22: ='RAOB input'!E8 -> 305 | N22: ='RAOB input'!F8 -> 72.0216
B23: =I25 -> 812.2 | C23: =C22+((C25-C22)/3) -> 1625.6667 | D23: =K25 -> -16 | E23: =L25 -> -6.8 | F23: =M25 -> 310 | G23: =N25 -> 92.5992
B24: =B23 -> 812.2 | C24: =C22+(2*(C23-C22)) -> 1727.3333 | D24: =D23 -> -16 | E24: =E23 -> -6.8 | F24: =F23 -> 310 | G24: =G23 -> 92.5992
B25: =B23 -> 812.2 | C25: =J25 -> 1829 | D25: =D23 -> -16 | E25: =E23 -> -6.8 | F25: =F23 -> 310 | G25: =G23 -> 92.5992 | I25: ='RAOB input'!A9 -> 812.2 | J25: ='RAOB input'!B9 -> 1829 | K25: ='RAOB input'!C9 -> -16 | L25: ='RAOB input'!D9 -> -6.8 | M25: ='RAOB input'!E9 -> 310 | N25: ='RAOB input'!F9 -> 92.5992
B26: =I28 -> 803 | C26: =C25+((C28-C25)/3) -> 1859.3333 | D26: =K28 -> -23 | E26: =L28 -> -6.8 | F26: =M28 -> 311 | G26: =N28 -> 102.888
B27: =B26 -> 803 | C27: =C25+(2*(C26-C25)) -> 1889.6667 | D27: =D26 -> -23 | E27: =E26 -> -6.8 | F27: =F26 -> 311 | G27: =G26 -> 102.888
B28: =B26 -> 803 | C28: =J28 -> 1920 | D28: =D26 -> -23 | E28: =E26 -> -6.8 | F28: =F26 -> 311 | G28: =G26 -> 102.888 | H28: 10 | I28: ='RAOB input'!A10 -> 803 | J28: ='RAOB input'!B10 -> 1920 | K28: ='RAOB input'!C10 -> -23 | L28: ='RAOB input'!D10 -> -6.8 | M28: ='RAOB input'!E10 -> 311 | N28: ='RAOB input'!F10 -> 102.888
B29: =I31 -> 800 | C29: =C28+((C31-C28)/3) -> 1930 | D29: =K31 -> -23 | E29: =L31 -> -17.3 | F29: =M31 -> 312 | G29: =N31 -> 108.0324
B30: =B29 -> 800 | C30: =C28+(2*(C29-C28)) -> 1940 | D30: =D29 -> -23 | E30: =E29 -> -17.3 | F30: =F29 -> 312 | G30: =G29 -> 108.0324
B31: =B29 -> 800 | C31: =J31 -> 1950 | D31: =D29 -> -23 | E31: =E29 -> -17.3 | F31: =F29 -> 312 | G31: =G29 -> 108.0324 | I31: ='RAOB input'!A11 -> 800 | J31: ='RAOB input'!B11 -> 1950 | K31: ='RAOB input'!C11 -> -23 | L31: ='RAOB input'!D11 -> -17.3 | M31: ='RAOB input'!E11 -> 312 | N31: ='RAOB input'!F11 -> 108.0324
B32: =I34 -> 790 | C32: =C31+((C34-C31)/3) -> 1983 | D32: =K34 -> -27 | E32: =L34 -> -32.7 | F32: =M34 -> 314 | G32: =N34 -> 118.3212
B33: =B32 -> 790 | C33: =C31+(2*(C32-C31)) -> 2016 | D33: =D32 -> -27 | E33: =E32 -> -32.7 | F33: =F32 -> 314 | G33: =G32 -> 118.3212
B34: =B32 -> 790 | C34: =J34 -> 2049 | D34: =D32 -> -27 | E34: =E32 -> -32.7 | F34: =F32 -> 314 | G34: =G32 -> 118.3212 | I34: ='RAOB input'!A12 -> 790 | J34: ='RAOB input'!B12 -> 2049 | K34: ='RAOB input'!C12 -> -27 | L34: ='RAOB input'!D12 -> -32.7 | M34: ='RAOB input'!E12 -> 314 | N34: ='RAOB input'!F12 -> 118.3212
B35: =I37 -> 781.5 | C35: =C34+((C37-C34)/3) -> 2077.3333 | D35: =K37 -> -34 | E35: =L37 -> -33.1 | F35: =M37 -> 315 | G35: =N37 -> 128.61
B36: =B35 -> 781.5 | C36: =C34+(2*(C35-C34)) -> 2105.6667 | D36: =D35 -> -34 | E36: =E35 -> -33.1 | F36: =F35 -> 315 | G36: =G35 -> 128.61
B37: =B35 -> 781.5 | C37: =J37 -> 2134 | D37: =D35 -> -34 | E37: =E35 -> -33.1 | F37: =F35 -> 315 | G37: =G35 -> 128.61 | I37: ='RAOB input'!A13 -> 781.5 | J37: ='RAOB input'!B13 -> 2134 | K37: ='RAOB input'!C13 -> -34 | L37: ='RAOB input'!D13 -> -33.1 | M37: ='RAOB input'!E13 -> 315 | N37: ='RAOB input'!F13 -> 128.61
B38: =I40 -> 751.6 | C38: =C37+((C40-C37)/3) -> 2235.3333 | D38: =K40 -> -60 | E38: =L40 -> -34.8 | F38: =M40 -> 320 | G38: =N40 -> 138.8988
B39: =B38 -> 751.6 | C39: =C37+(2*(C38-C37)) -> 2336.6667 | D39: =D38 -> -60 | E39: =E38 -> -34.8 | F39: =F38 -> 320 | G39: =G38 -> 138.8988
B40: =B38 -> 751.6 | C40: =J40 -> 2438 | D40: =D38 -> -60 | E40: =E38 -> -34.8 | F40: =F38 -> 320 | G40: =G38 -> 138.8988 | I40: ='RAOB input'!A14 -> 751.6 | J40: ='RAOB input'!B14 -> 2438 | K40: ='RAOB input'!C14 -> -60 | L40: ='RAOB input'!D14 -> -34.8 | M40: ='RAOB input'!E14 -> 320 | N40: ='RAOB input'!F14 -> 138.8988
B41: =I43 -> 722.8 | C41: =C40+((C43-C40)/3) -> 2539.6667 | D41: =K43 -> -86 | E41: =L43 -> -36.4 | F41: =M43 -> 315 | G41: =N43 -> 128.61
B42: =B41 -> 722.8 | C42: =C40+(2*(C41-C40)) -> 2641.3333 | D42: =D41 -> -86 | E42: =E41 -> -36.4 | F42: =F41 -> 315 | G42: =G41 -> 128.61
B43: =B41 -> 722.8 | C43: =J43 -> 2743 | D43: =D41 -> -86 | E43: =E41 -> -36.4 | F43: =F41 -> 315 | G43: =G41 -> 128.61 | H43: 15 | I43: ='RAOB input'!A15 -> 722.8 | J43: ='RAOB input'!B15 -> 2743 | K43: ='RAOB input'!C15 -> -86 | L43: ='RAOB input'!D15 -> -36.4 | M43: ='RAOB input'!E15 -> 315 | N43: ='RAOB input'!F15 -> 128.61
B44: =I46 -> 700 | C44: =C43+((C46-C43)/3) -> 2826.3333 | D44: =K46 -> -107 | E44: =L46 -> -37.7 | F44: =M46 -> 305 | G44: =N46 -> 113.1768
B45: =B44 -> 700 | C45: =C43+(2*(C44-C43)) -> 2909.6667 | D45: =D44 -> -107 | E45: =E44 -> -37.7 | F45: =F44 -> 305 | G45: =G44 -> 113.1768
B46: =B44 -> 700 | C46: =J46 -> 2993 | D46: =D44 -> -107 | E46: =E44 -> -37.7 | F46: =F44 -> 305 | G46: =G44 -> 113.1768 | I46: ='RAOB input'!A16 -> 700 | J46: ='RAOB input'!B16 -> 2993 | K46: ='RAOB input'!C16 -> -107 | L46: ='RAOB input'!D16 -> -37.7 | M46: ='RAOB input'!E16 -> 305 | N46: ='RAOB input'!F16 -> 113.1768
B47: =I49 -> 695 | C47: =C46+((C49-C46)/3) -> 3011.3333 | D47: =K49 -> -112 | E47: =L49 -> -37.9 | F47: =M49 -> 295 | G47: =N49 -> 118.3212
B48: =B47 -> 695 | C48: =C46+(2*(C47-C46)) -> 3029.6667 | D48: =D47 -> -112 | E48: =E47 -> -37.9 | F48: =F47 -> 295 | G48: =G47 -> 118.3212
B49: =B47 -> 695 | C49: =J49 -> 3048 | D49: =D47 -> -112 | E49: =E47 -> -37.9 | F49: =F47 -> 295 | G49: =G47 -> 118.3212 | I49: ='RAOB input'!A17 -> 695 | J49: ='RAOB input'!B17 -> 3048 | K49: ='RAOB input'!C17 -> -112 | L49: ='RAOB input'!D17 -> -37.9 | M49: ='RAOB input'!E17 -> 295 | N49: ='RAOB input'!F17 -> 118.3212
B50: =I52 -> 663 | C50: =C49+((C52-C49)/3) -> 3168 | D50: =K52 -> -143 | E50: =L52 -> -39.3 | F50: =M52 -> 292 | G50: =N52 -> 133.7544
B51: =B50 -> 663 | C51: =C49+(2*(C50-C49)) -> 3288 | D51: =D50 -> -143 | E51: =E50 -> -39.3 | F51: =F50 -> 292 | G51: =G50 -> 133.7544
B52: =B50 -> 663 | C52: =J52 -> 3408 | D52: =D50 -> -143 | E52: =E50 -> -39.3 | F52: =F50 -> 292 | G52: =G50 -> 133.7544 | I52: ='RAOB input'!A18 -> 663 | J52: ='RAOB input'!B18 -> 3408 | K52: ='RAOB input'!C18 -> -143 | L52: ='RAOB input'!D18 -> -39.3 | M52: ='RAOB input'!E18 -> 292 | N52: ='RAOB input'!F18 -> 133.7544
B53: =I55 -> 641.5 | C53: =C52+((C55-C52)/3) -> 3491.3333 | D53: =K55 -> -155 | E53: =L55 -> -35.6 | F53: =M55 -> 290 | G53: =N55 -> 144.0432
B54: =B53 -> 641.5 | C54: =C52+(2*(C53-C52)) -> 3574.6667 | D54: =D53 -> -155 | E54: =E53 -> -35.6 | F54: =F53 -> 290 | G54: =G53 -> 144.0432
B55: =B53 -> 641.5 | C55: =J55 -> 3658 | D55: =D53 -> -155 | E55: =E53 -> -35.6 | F55: =F53 -> 290 | G55: =G53 -> 144.0432 | I55: ='RAOB input'!A19 -> 641.5 | J55: ='RAOB input'!B19 -> 3658 | K55: ='RAOB input'!C19 -> -155 | L55: ='RAOB input'!D19 -> -35.6 | M55: ='RAOB input'!E19 -> 290 | N55: ='RAOB input'!F19 -> 144.0432
B56: =I58 -> 641 | C56: =C55+((C58-C55)/3) -> 3660 | D56: =K58 -> -155 | E56: =L58 -> -35.5 | F56: =M58 -> 290 | G56: =N58 -> 144.0432
B57: =B56 -> 641 | C57: =C55+(2*(C56-C55)) -> 3662 | D57: =D56 -> -155 | E57: =E56 -> -35.5 | F57: =F56 -> 290 | G57: =G56 -> 144.0432
B58: =B56 -> 641 | C58: =J58 -> 3664 | D58: =D56 -> -155 | E58: =E56 -> -35.5 | F58: =F56 -> 290 | G58: =G56 -> 144.0432 | H58: 20 | I58: ='RAOB input'!A20 -> 641 | J58: ='RAOB input'!B20 -> 3664 | K58: ='RAOB input'!C20 -> -155 | L58: ='RAOB input'!D20 -> -35.5 | M58: ='RAOB input'!E20 -> 290 | N58: ='RAOB input'!F20 -> 144.0432
B59: =I61 -> 626 | C59: =C58+((C61-C58)/3) -> 3723.6667 | D59: =K61 -> -137 | E59: =L61 -> -50.7 | F59: =M61 -> 289 | G59: =N61 -> 154.332
B60: =B59 -> 626 | C60: =C58+(2*(C59-C58)) -> 3783.3333 | D60: =D59 -> -137 | E60: =E59 -> -50.7 | F60: =F59 -> 289 | G60: =G59 -> 154.332
B61: =B59 -> 626 | C61: =J61 -> 3843 | D61: =D59 -> -137 | E61: =E59 -> -50.7 | F61: =F59 -> 289 | G61: =G59 -> 154.332 | I61: ='RAOB input'!A21 -> 626 | J61: ='RAOB input'!B21 -> 3843 | K61: ='RAOB input'!C21 -> -137 | L61: ='RAOB input'!D21 -> -50.7 | M61: ='RAOB input'!E21 -> 289 | N61: ='RAOB input'!F21 -> 154.332
B62: =I64 -> 591.5 | C62: =C61+((C64-C61)/3) -> 3984.3333 | D62: =K64 -> -171 | E62: =L64 -> -45.7 | F62: =M64 -> 285 | G62: =N64 -> 169.7652
B63: =B62 -> 591.5 | C63: =C61+(2*(C62-C61)) -> 4125.6667 | D63: =D62 -> -171 | E63: =E62 -> -45.7 | F63: =F62 -> 285 | G63: =G62 -> 169.7652
B64: =B62 -> 591.5 | C64: =J64 -> 4267 | D64: =D62 -> -171 | E64: =E62 -> -45.7 | F64: =F62 -> 285 | G64: =G62 -> 169.7652 | I64: ='RAOB input'!A22 -> 591.5 | J64: ='RAOB input'!B22 -> 4267 | K64: ='RAOB input'!C22 -> -171 | L64: ='RAOB input'!D22 -> -45.7 | M64: ='RAOB input'!E22 -> 285 | N64: ='RAOB input'!F22 -> 169.7652
B65: =I67 -> 567.8 | C65: =C64+((C67-C64)/3) -> 4368.6667 | D65: =K67 -> -196 | E65: =L67 -> -42.1 | F65: =M67 -> 280 | G65: =N67 -> 180.054
B66: =B65 -> 567.8 | C66: =C64+(2*(C65-C64)) -> 4470.3333 | D66: =D65 -> -196 | E66: =E65 -> -42.1 | F66: =F65 -> 280 | G66: =G65 -> 180.054
B67: =B65 -> 567.8 | C67: =J67 -> 4572 | D67: =D65 -> -196 | E67: =E65 -> -42.1 | F67: =F65 -> 280 | G67: =G65 -> 180.054 | I67: ='RAOB input'!A23 -> 567.8 | J67: ='RAOB input'!B23 -> 4572 | K67: ='RAOB input'!C23 -> -196 | L67: ='RAOB input'!D23 -> -42.1 | M67: ='RAOB input'!E23 -> 280 | N67: ='RAOB input'!F23 -> 180.054
B68: =I70 -> 545.1 | C68: =C67+((C70-C67)/3) -> 4673.6667 | D68: =K70 -> -221 | E68: =L70 -> -38.5 | F68: =M70 -> 275 | G68: =N70 -> 190.3428
B69: =B68 -> 545.1 | C69: =C67+(2*(C68-C67)) -> 4775.3333 | D69: =D68 -> -221 | E69: =E68 -> -38.5 | F69: =F68 -> 275 | G69: =G68 -> 190.3428
B70: =B68 -> 545.1 | C70: =J70 -> 4877 | D70: =D68 -> -221 | E70: =E68 -> -38.5 | F70: =F68 -> 275 | G70: =G68 -> 190.3428 | I70: ='RAOB input'!A24 -> 545.1 | J70: ='RAOB input'!B24 -> 4877 | K70: ='RAOB input'!C24 -> -221 | L70: ='RAOB input'!D24 -> -38.5 | M70: ='RAOB input'!E24 -> 275 | N70: ='RAOB input'!F24 -> 190.3428
B71: =I73 -> 540 | C71: =C70+((C73-C70)/3) -> 4900.6667 | D71: =K73 -> -227 | E71: =L73 -> -37.7 | F71: =M73 -> 273 | G71: =N73 -> 200.6316
B72: =B71 -> 540 | C72: =C70+(2*(C71-C70)) -> 4924.3333 | D72: =D71 -> -227 | E72: =E71 -> -37.7 | F72: =F71 -> 273 | G72: =G71 -> 200.6316
B73: =B71 -> 540 | C73: =J73 -> 4948 | D73: =D71 -> -227 | E73: =E71 -> -37.7 | F73: =F71 -> 273 | G73: =G71 -> 200.6316 | H73: 25 | I73: ='RAOB input'!A25 -> 540 | J73: ='RAOB input'!B25 -> 4948 | K73: ='RAOB input'!C25 -> -227 | L73: ='RAOB input'!D25 -> -37.7 | M73: ='RAOB input'!E25 -> 273 | N73: ='RAOB input'!F25 -> 200.6316
B74: =I76 -> 514 | C74: =C73+((C76-C73)/3) -> 5068.3333 | D74: =K76 -> -243 | E74: =L76 -> -52.3 | F74: =M76 -> 265 | G74: =N76 -> 241.7868
B75: =B74 -> 514 | C75: =C73+(2*(C74-C73)) -> 5188.6667 | D75: =D74 -> -243 | E75: =E74 -> -52.3 | F75: =F74 -> 265 | G75: =G74 -> 241.7868
B76: =B74 -> 514 | C76: =J76 -> 5309 | D76: =D74 -> -243 | E76: =E74 -> -52.3 | F76: =F74 -> 265 | G76: =G74 -> 241.7868 | I76: ='RAOB input'!A26 -> 514 | J76: ='RAOB input'!B26 -> 5309 | K76: ='RAOB input'!C26 -> -243 | L76: ='RAOB input'!D26 -> -52.3 | M76: ='RAOB input'!E26 -> 265 | N76: ='RAOB input'!F26 -> 241.7868
B77: =I79 -> 500 | C77: =C76+((C79-C76)/3) -> 5376 | D77: =K79 -> -253 | E77: =L79 -> -55.3 | F77: =M79 -> 260 | G77: =N79 -> 267.5088
B78: =B77 -> 500 | C78: =C76+(2*(C77-C76)) -> 5443 | D78: =D77 -> -253 | E78: =E77 -> -55.3 | F78: =F77 -> 260 | G78: =G77 -> 267.5088
B79: =B77 -> 500 | C79: =J79 -> 5510 | D79: =D77 -> -253 | E79: =E77 -> -55.3 | F79: =F77 -> 260 | G79: =G77 -> 267.5088 | I79: ='RAOB input'!A27 -> 500 | J79: ='RAOB input'!B27 -> 5510 | K79: ='RAOB input'!C27 -> -253 | L79: ='RAOB input'!D27 -> -55.3 | M79: ='RAOB input'!E27 -> 260 | N79: ='RAOB input'!F27 -> 267.5088
B80: =I82 -> 467 | C80: =C79+((C82-C79)/3) -> 5674.6667 | D80: =K82 -> -275 | E80: =L82 -> -56.5 | F80: =M82 -> 247 | G80: =N82 -> 293.2308
B81: =B80 -> 467 | C81: =C79+(2*(C80-C79)) -> 5839.3333 | D81: =D80 -> -275 | E81: =E80 -> -56.5 | F81: =F80 -> 247 | G81: =G80 -> 293.2308
B82: =B80 -> 467 | C82: =J82 -> 6004 | D82: =D80 -> -275 | E82: =E80 -> -56.5 | F82: =F80 -> 247 | G82: =G80 -> 293.2308 | I82: ='RAOB input'!A28 -> 467 | J82: ='RAOB input'!B28 -> 6004 | K82: ='RAOB input'!C28 -> -275 | L82: ='RAOB input'!D28 -> -56.5 | M82: ='RAOB input'!E28 -> 247 | N82: ='RAOB input'!F28 -> 293.2308
B83: =I85 -> 460.9 | C83: =C82+((C85-C82)/3) -> 6034.6667 | D83: =K85 -> -282 | E83: =L85 -> -57 | F83: =M85 -> 245 | G83: =N85 -> 298.3752
B84: =B83 -> 460.9 | C84: =C82+(2*(C83-C82)) -> 6065.3333 | D84: =D83 -> -282 | E84: =E83 -> -57 | F84: =F83 -> 245 | G84: =G83 -> 298.3752
B85: =B83 -> 460.9 | C85: =J85 -> 6096 | D85: =D83 -> -282 | E85: =E83 -> -57 | F85: =F83 -> 245 | G85: =G83 -> 298.3752 | I85: ='RAOB input'!A29 -> 460.9 | J85: ='RAOB input'!B29 -> 6096 | K85: ='RAOB input'!C29 -> -282 | L85: ='RAOB input'!D29 -> -57 | M85: ='RAOB input'!E29 -> 245 | N85: ='RAOB input'!F29 -> 298.3752
B86: =I88 -> 460.9 | C86: =C85+((C88-C85)/3) -> 6196 | D86: =K88 -> -282 | E86: =L88 -> -57 | F86: =M88 -> 245 | G86: =N88 -> 298.3752
B87: =B86 -> 460.9 | C87: =C85+(2*(C86-C85)) -> 6296 | D87: =D86 -> -282 | E87: =E86 -> -57 | F87: =F86 -> 245 | G87: =G86 -> 298.3752
B88: =B86 -> 460.9 | C88: =J88 -> 6396 | D88: =D86 -> -282 | E88: =E86 -> -57 | F88: =F86 -> 245 | G88: =G86 -> 298.3752 | H88: 30 | I88: ='RAOB input'!A30 -> 460.9 | J88: ='RAOB input'!B30 -> 6396 | K88: ='RAOB input'!C30 -> -282 | L88: ='RAOB input'!D30 -> -57 | M88: ='RAOB input'!E30 -> 245 | N88: ='RAOB input'!F30 -> 298.3752
B89: =I91 -> 400 | C89: =C88+((C91-C88)/3) -> 6496 | D89: =K91 -> -355 | E89: =L91 -> -62.5 | F89: =M91 -> 240 | G89: =N91 -> 360.108
B90: =B89 -> 400 | C90: =C88+(2*(C89-C88)) -> 6596 | D90: =D89 -> -355 | E90: =E89 -> -62.5 | F90: =F89 -> 240 | G90: =G89 -> 360.108
B91: =B89 -> 400 | C91: =J91 -> 6696 | D91: =D89 -> -355 | E91: =E89 -> -62.5 | F91: =F89 -> 240 | G91: =G89 -> 360.108 | I91: ='RAOB input'!A31 -> 400 | J91: ='RAOB input'!B31 -> 6696 | K91: ='RAOB input'!C31 -> -355 | L91: ='RAOB input'!D31 -> -62.5 | M91: ='RAOB input'!E31 -> 240 | N91: ='RAOB input'!F31 -> 360.108
B92: =I94 -> 400 | C92: =C91+((C94-C91)/3) -> 6830.6667 | D92: =K94 -> -355 | E92: =L94 -> -62.5 | F92: =M94 -> 240 | G92: =N94 -> 360.108
B93: =B92 -> 400 | C93: =C91+(2*(C92-C91)) -> 6965.3333 | D93: =D92 -> -355 | E93: =E92 -> -62.5 | F93: =F92 -> 240 | G93: =G92 -> 360.108
B94: =B92 -> 400 | C94: =J94 -> 7100 | D94: =D92 -> -355 | E94: =E92 -> -62.5 | F94: =F92 -> 240 | G94: =G92 -> 360.108 | I94: ='RAOB input'!A32 -> 400 | J94: ='RAOB input'!B32 -> 7100 | K94: ='RAOB input'!C32 -> -355 | L94: ='RAOB input'!D32 -> -62.5 | M94: ='RAOB input'!E32 -> 240 | N94: ='RAOB input'!F32 -> 360.108
B95: =I97 -> 370.5 | C95: =C94+((C97-C94)/3) -> 7200 | D95: =K97 -> -392 | E95: =L97 -> -61.7 | F95: =M97 -> 235 | G95: =N97 -> 421.8408
B96: =B95 -> 370.5 | C96: =C94+(2*(C95-C94)) -> 7300 | D96: =D95 -> -392 | E96: =E95 -> -61.7 | F96: =F95 -> 235 | G96: =G95 -> 421.8408
B97: =B95 -> 370.5 | C97: =J97 -> 7400 | D97: =D95 -> -392 | E97: =E95 -> -61.7 | F97: =F95 -> 235 | G97: =G95 -> 421.8408 | I97: ='RAOB input'!A33 -> 370.5 | J97: ='RAOB input'!B33 -> 7400 | K97: ='RAOB input'!C33 -> -392 | L97: ='RAOB input'!D33 -> -61.7 | M97: ='RAOB input'!E33 -> 235 | N97: ='RAOB input'!F33 -> 421.8408
B98: =I100 -> 370.5 | C98: =C97+((C100-C97)/3) -> 7473.3333 | D98: =K100 -> -392 | E98: =L100 -> -61.7 | F98: =M100 -> 235 | G98: =N100 -> 421.8408
B99: =B98 -> 370.5 | C99: =C97+(2*(C98-C97)) -> 7546.6667 | D99: =D98 -> -392 | E99: =E98 -> -61.7 | F99: =F98 -> 235 | G99: =G98 -> 421.8408
B100: =B98 -> 370.5 | C100: =J100 -> 7620 | D100: =D98 -> -392 | E100: =E98 -> -61.7 | F100: =F98 -> 235 | G100: =G98 -> 421.8408 | I100: ='RAOB input'!A34 -> 370.5 | J100: ='RAOB input'!B34 -> 7620 | K100: ='RAOB input'!C34 -> -392 | L100: ='RAOB input'!D34 -> -61.7 | M100: ='RAOB input'!E34 -> 235 | N100: ='RAOB input'!F34 -> 421.8408
...

Sheet RAOB Used for Calcs
B1: 988 | C1: 229 | D1: 132 | E1: -2.8 | F1: 330 | G1: 66.8772 | H1: Checklist: | I1: Delta-altitude>500? | J1: =J2 -> 25.333333 | K1: (counter) | L1: =(IF(C2>0,1,0))+(IF(C3>0,-1,0)) -> 0 | M1: (counter) | N1: =IF(C2>0,1,0) -> 1 | P1: altitude (m) | Q1: =IF(C1=0, C1/0, C1) -> 229 | R1: direction (degrees) | S1: =IF(F1=0, F1/0, F1) -> 330 | T1: wind speed (m/s) | U1: =IF(G1=0, G1/0, G1/10) -> 6.68772
B2: 979 | C2: 254.33333 | D2: 125 | E2: -3.1 | F2: 330 | G2: 66.8772 | H2: - valid T in first column? | I2: =IF((J2>500),1111111,0) -> 0 | J2: =C2-C1 -> 25.333333 | L2: =(IF(C2>0,1,0))+(IF(C3>0,-1,0)) -> 0 | N2: =IF(C2>0,1,0) -> 1 | Q2: =IF(C2=0, C2/0, C2) -> 254.33333 | S2: =IF(F2=0, F2/0, F2) -> 330 | U2: =IF(G2=0, G2/0, G2/10) -> 6.68772
B3: 979 | C3: 279.66667 | D3: 125 | E3: -3.1 | F3: 330 | G3: 66.8772 | H3: - all delta-z less than 500 tenths? | I3: =IF((J3>500),1111111,0) -> 0 | J3: =C3-C2 -> 25.333333 | L3: =(IF(C3>0,1,0))+(IF(C4>0,-1,0)) -> 0 | N3: =IF(C3>0,1,0) -> 1 | Q3: =IF(C3=0, C3/0, C3) -> 279.66667 | S3: =IF(F3=0, F3/0, F3) -> 330 | U3: =IF(G3=0, G3/0, G3/10) -> 6.68772
B4: 979 | C4: 305 | D4: 125 | E4: -3.1 | F4: 330 | G4: 66.8772 | H4: - highest alt broken into ten slices? | I4: =IF((J4>500),1111111,0) -> 0 | J4: =C4-C3 -> 25.333333 | L4: =(IF(C4>0,1,0))+(IF(C5>0,-1,0)) -> 0 | N4: =IF(C4>0,1,0) -> 1 | Q4: =IF(C4=0, C4/0, C4) -> 305 | S4: =IF(F4=0, F4/0, F4) -> 330 | U4: =IF(G4=0, G4/0, G4/10) -> 6.68772
B5: 943.7 | C5: 406.66667 | D5: 97 | E5: -4.2 | F5: 320 | G5: 77.166 | I5: =IF((J5>500),1111111,0) -> 0 | J5: =C5-C4 -> 101.66667 | L5: =(IF(C5>0,1,0))+(IF(C6>0,-1,0)) -> 0 | N5: =IF(C5>0,1,0) -> 1 | Q5: =IF(C5=0, C5/0, C5) -> 406.66667 | S5: =IF(F5=0, F5/0, F5) -> 320 | U5: =IF(G5=0, G5/0, G5/10) -> 7.7166
B6: 943.7 | C6: 508.33333 | D6: 97 | E6: -4.2 | F6: 320 | G6: 77.166 | I6: =IF((J6>500),1111111,0) -> 0 | J6: =C6-C5 -> 101.66667 | L6: =(IF(C6>0,1,0))+(IF(C7>0,-1,0)) -> 0 | N6: =IF(C6>0,1,0) -> 1 | Q6: =IF(C6=0, C6/0, C6) -> 508.33333 | S6: =IF(F6=0, F6/0, F6) -> 320 | U6: =IF(G6=0, G6/0, G6/10) -> 7.7166
B7: 943.7 | C7: 610 | D7: 97 | E7: -4.2 | F7: 320 | G7: 77.166 | H7: By column: | I7: =IF((J7>500),1111111,0) -> 0 | J7: =C7-C6 -> 101.66667 | L7: =(IF(C7>0,1,0))+(IF(C8>0,-1,0)) -> 0 | N7: =IF(C7>0,1,0) -> 1 | Q7: =IF(C7=0, C7/0, C7) -> 610 | S7: =IF(F7=0, F7/0, F7) -> 320 | U7: =IF(G7=0, G7/0, G7/10) -> 7.7166
B8: 925 | C8: 665.33333 | D8: 82 | E8: -4.8 | F8: 315 | G8: 77.166 | H8: (internal) | I8: =IF((J8>500),1111111,0) -> 0 | J8: =C8-C7 -> 55.333333 | L8: =(IF(C8>0,1,0))+(IF(C9>0,-1,0)) -> 0 | N8: =IF(C8>0,1,0) -> 1 | Q8: =IF(C8=0, C8/0, C8) -> 665.33333 | S8: =IF(F8=0, F8/0, F8) -> 315 | U8: =IF(G8=0, G8/0, G8/10) -> 7.7166
B9: 925 | C9: 720.66667 | D9: 82 | E9: -4.8 | F9: 315 | G9: 77.166 | H9: Pressure (hPa) | I9: =IF((J9>500),1111111,0) -> 0 | J9: =C9-C8 -> 55.333333 | L9: =(IF(C9>0,1,0))+(IF(C10>0,-1,0)) -> 0 | N9: =IF(C9>0,1,0) -> 1 | Q9: =IF(C9=0, C9/0, C9) -> 720.66667 | S9: =IF(F9=0, F9/0, F9) -> 315 | U9: =IF(G9=0, G9/0, G9/10) -> 7.7166
B10: 925 | C10: 776 | D10: 82 | E10: -4.8 | F10: 315 | G10: 77.166 | H10: Height (m) | I10: =IF((J10>500),1111111,0) -> 0 | J10: =C10-C9 -> 55.333333 | L10: =(IF(C10>0,1,0))+(IF(C11>0,-1,0)) -> 0 | N10: =IF(C10>0,1,0) -> 1 | Q10: =IF(C10=0, C10/0, C10) -> 776 | S10: =IF(F10=0, F10/0, F10) -> 315 | U10: =IF(G10=0, G10/0, G10/10) -> 7.7166
B11: 909.5 | C11: 822 | D11: 68 | E11: -5.2 | F11: 310 | G11: 77.166 | H11: Temp (tenths of C) | I11: =IF((J11>500),1111111,0) -> 0 | J11: =C11-C10 -> 46 | L11: =(IF(C11>0,1,0))+(IF(C12>0,-1,0)) -> 0 | N11: =IF(C11>0,1,0) -> 1 | Q11: =IF(C11=0, C11/0, C11) -> 822 | S11: =IF(F11=0, F11/0, F11) -> 310 | U11: =IF(G11=0, G11/0, G11/10) -> 7.7166
B12: 909.5 | C12: 868 | D12: 68 | E12: -5.2 | F12: 310 | G12: 77.166 | H12: Dewpt | I12: =IF((J12>500),1111111,0) -> 0 | J12: =C12-C11 -> 46 | L12: =(IF(C12>0,1,0))+(IF(C13>0,-1,0)) -> 0 | N12: =IF(C12>0,1,0) -> 1 | Q12: =IF(C12=0, C12/0, C12) -> 868 | S12: =IF(F12=0, F12/0, F12) -> 310 | U12: =IF(G12=0, G12/0, G12/10) -> 7.7166
B13: 909.5 | C13: 914 | D13: 68 | E13: -5.2 | F13: 310 | G13: 77.166 | H13: Wind Dir (degrees) | I13: =IF((J13>500),1111111,0) -> 0 | J13: =C13-C12 -> 46 | L13: =(IF(C13>0,1,0))+(IF(C14>0,-1,0)) -> 0 | N13: =IF(C13>0,1,0) -> 1 | Q13: =IF(C13=0, C13/0, C13) -> 914 | S13: =IF(F13=0, F13/0, F13) -> 310 | U13: =IF(G13=0, G13/0, G13/10) -> 7.7166
B14: 876 | C14: 1015.6667 | D14: 37 | E14: -6.1 | F14: 305 | G14: 72.0216 | H14: Wind Speed (tenths of m/s) | I14: =IF((J14>500),1111111,0) -> 0 | J14: =C14-C13 -> 101.66667 | L14: =(IF(C14>0,1,0))+(IF(C15>0,-1,0)) -> 0 | N14: =IF(C14>0,1,0) -> 1 | Q14: =IF(C14=0, C14/0, C14) -> 1015.6667 | S14: =IF(F14=0, F14/0, F14) -> 305 | U14: =IF(G14=0, G14/0, G14/10) -> 7.20216
B15: 876 | C15: 1117.3333 | D15: 37 | E15: -6.1 | F15: 305 | G15: 72.0216 | I15: =IF((J15>500),1111111,0) -> 0 | J15: =C15-C14 -> 101.66667 | L15: =(IF(C15>0,1,0))+(IF(C16>0,-1,0)) -> 0 | N15: =IF(C15>0,1,0) -> 1 | Q15: =IF(C15=0, C15/0, C15) -> 1117.3333 | S15: =IF(F15=0, F15/0, F15) -> 305 | U15: =IF(G15=0, G15/0, G15/10) -> 7.20216
B16: 876 | C16: 1219 | D16: 37 | E16: -6.1 | F16: 305 | G16: 72.0216 | I16: =IF((J16>500),1111111,0) -> 0 | J16: =C16-C15 -> 101.66667 | L16: =(IF(C16>0,1,0))+(IF(C17>0,-1,0)) -> 0 | N16: =IF(C16>0,1,0) -> 1 | Q16: =IF(C16=0, C16/0, C16) -> 1219 | S16: =IF(F16=0, F16/0, F16) -> 305 | U16: =IF(G16=0, G16/0, G16/10) -> 7.20216
B17: 850 | C17: 1301 | D17: 12 | E17: -6.8 | F17: 305 | G17: 72.0216 | I17: =IF((J17>500),1111111,0) -> 0 | J17: =C17-C16 -> 82 | L17: =(IF(C17>0,1,0))+(IF(C18>0,-1,0)) -> 0 | N17: =IF(C17>0,1,0) -> 1 | Q17: =IF(C17=0, C17/0, C17) -> 1301 | S17: =IF(F17=0, F17/0, F17) -> 305 | U17: =IF(G17=0, G17/0, G17/10) -> 7.20216
B18: 850 | C18: 1383 | D18: 12 | E18: -6.8 | F18: 305 | G18: 72.0216 | I18: =IF((J18>500),1111111,0) -> 0 | J18: =C18-C17 -> 82 | L18: =(IF(C18>0,1,0))+(IF(C19>0,-1,0)) -> 0 | N18: =IF(C18>0,1,0) -> 1 | Q18: =IF(C18=0, C18/0, C18) -> 1383 | S18: =IF(F18=0, F18/0, F18) -> 305 | U18: =IF(G18=0, G18/0, G18/10) -> 7.20216
B19: 850 | C19: 1465 | D19: 12 | E19: -6.8 | F19: 305 | G19: 72.0216 | I19: =IF((J19>500),1111111,0) -> 0 | J19: =C19-C18 -> 82 | L19: =(IF(C19>0,1,0))+(IF(C20>0,-1,0)) -> 0 | N19: =IF(C19>0,1,0) -> 1 | Q19: =IF(C19=0, C19/0, C19) -> 1465 | S19: =IF(F19=0, F19/0, F19) -> 305 | U19: =IF(G19=0, G19/0, G19/10) -> 7.20216
B20: 843.8 | C20: 1484.6667 | D20: 8 | E20: -6.8 | F20: 305 | G20: 72.0216 | I20: =IF((J20>500),1111111,0) -> 0 | J20: =C20-C19 -> 19.666667 | L20: =(IF(C20>0,1,0))+(IF(C21>0,-1,0)) -> 0 | N20: =IF(C20>0,1,0) -> 1 | Q20: =IF(C20=0, C20/0, C20) -> 1484.6667 | S20: =IF(F20=0, F20/0, F20) -> 305 | U20: =IF(G20=0, G20/0, G20/10) -> 7.20216
B21: 843.8 | C21: 1504.3333 | D21: 8 | E21: -6.8 | F21: 305 | G21: 72.0216 | I21: =IF((J21>500),1111111,0) -> 0 | J21: =C21-C20 -> 19.666667 | L21: =(IF(C21>0,1,0))+(IF(C22>0,-1,0)) -> 0 | N21: =IF(C21>0,1,0) -> 1 | Q21: =IF(C21=0, C21/0, C21) -> 1504.3333 | S21: =IF(F21=0, F21/0, F21) -> 305 | U21: =IF(G21=0, G21/0, G21/10) -> 7.20216
B22: 843.8 | C22: 1524 | D22: 8 | E22: -6.8 | F22: 305 | G22: 72.0216 | I22: =IF((J22>500),1111111,0) -> 0 | J22: =C22-C21 -> 19.666667 | L22: =(IF(C22>0,1,0))+(IF(C23>0,-1,0)) -> 0 | N22: =IF(C22>0,1,0) -> 1 | Q22: =IF(C22=0, C22/0, C22) -> 1524 | S22: =IF(F22=0, F22/0, F22) -> 305 | U22: =IF(G22=0, G22/0, G22/10) -> 7.20216
B23: 812.2 | C23: 1625.6667 | D23: -16 | E23: -6.8 | F23: 310 | G23: 92.5992 | I23: =IF((J23>500),1111111,0) -> 0 | J23: =C23-C22 -> 101.66667 | L23: =(IF(C23>0,1,0))+(IF(C24>0,-1,0)) -> 0 | N23: =IF(C23>0,1,0) -> 1 | Q23: =IF(C23=0, C23/0, C23) -> 1625.6667 | S23: =IF(F23=0, F23/0, F23) -> 310 | U23: =IF(G23=0, G23/0, G23/10) -> 9.25992
B24: 812.2 | C24: 1727.3333 | D24: -16 | E24: -6.8 | F24: 310 | G24: 92.5992 | I24: =IF((J24>500),1111111,0) -> 0 | J24: =C24-C23 -> 101.66667 | L24: =(IF(C24>0,1,0))+(IF(C25>0,-1,0)) -> 0 | N24: =IF(C24>0,1,0) -> 1 | Q24: =IF(C24=0, C24/0, C24) -> 1727.3333 | S24: =IF(F24=0, F24/0, F24) -> 310 | U24: =IF(G24=0, G24/0, G24/10) -> 9.25992
B25: 812.2 | C25: 1829 | D25: -16 | E25: -6.8 | F25: 310 | G25: 92.5992 | I25: =IF((J25>500),1111111,0) -> 0 | J25: =C25-C24 -> 101.66667 | L25: =(IF(C25>0,1,0))+(IF(C26>0,-1,0)) -> 0 | N25: =IF(C25>0,1,0) -> 1 | Q25: =IF(C25=0, C25/0, C25) -> 1829 | S25: =IF(F25=0, F25/0, F25) -> 310 | U25: =IF(G25=0, G25/0, G25/10) -> 9.25992
B26: 803 | C26: 1859.3333 | D26: -23 | E26: -6.8 | F26: 311 | G26: 102.888 | I26: =IF((J26>500),1111111,0) -> 0 | J26: =C26-C25 -> 30.333333 | L26: =(IF(C26>0,1,0))+(IF(C27>0,-1,0)) -> 0 | N26: =IF(C26>0,1,0) -> 1 | Q26: =IF(C26=0, C26/0, C26) -> 1859.3333 | S26: =IF(F26=0, F26/0, F26) -> 311 | U26: =IF(G26=0, G26/0, G26/10) -> 10.2888
... B289: 12.5 | C289: 29261 | D289: -528 | E289: -79.5 | F289: 5 | G289: 41.1552 | I289: =IF((J289>500),1111111,0) -> 0 | J289: =C289-C288 -> 133.66667 | L289: =(IF(C289>0,1,0))+(IF(C290>0,-1,0)) -> 1 | N289: =IF(C289>0,1,0) -> 1 | Q289: =IF(C289=0, C289/0, C289) -> 29261 | S289: =IF(F289=0, F289/0, F289) -> 5 | U289: =IF(G289=0, G289/0, G289/10) -> 4.11552
I290: =IF((J290>500),1111111,0) -> 0 | J290: =C290-C289 -> -29261 | L290: =(IF(C290>0,1,0))+(IF(C291>0,-1,0)) -> 0 | N290: =IF(C290>0,1,0) -> 0 | Q290: =IF(C290=0, C290/0, C290) -> #DIV/0! | S290: =IF(F290=0, F290/0, F290) -> #DIV/0! | U290: =IF(G290=0, G290/0, G290/10) -> #DIV/0!
I291: =IF((J291>500),1111111,0) -> 0 | J291: =C291-C290 -> 0 | L291: =(IF(C291>0,1,0))+(IF(C292>0,-1,0)) -> 0 | N291: =IF(C291>0,1,0) -> 0 | Q291: =IF(C291=0, C291/0, C291) -> #DIV/0! | S291: =IF(F291=0, F291/0, F291) -> #DIV/0! | U291: =IF(G291=0, G291/0, G291/10) -> #DIV/0!
I292: =IF((J292>500),1111111,0) -> 0 | J292: =C292-C291 -> 0 | L292: =(IF(C292>0,1,0))+(IF(C293>0,-1,0)) -> 0 | N292: =IF(C292>0,1,0) -> 0 | Q292: =IF(C292=0, C292/0, C292) -> #DIV/0! | S292: =IF(F292=0, F292/0, F292) -> #DIV/0! | U292: =IF(G292=0, G292/0, G292/10) -> #DIV/0!
I293: =IF((J293>500),1111111,0) -> 0 | J293: =C293-C292 -> 0 | L293: =(IF(C293>0,1,0))+(IF(C294>0,-1,0)) -> 0 | N293: =IF(C293>0,1,0) -> 0 | Q293: =IF(C293=0, C293/0, C293) -> #DIV/0! | S293: =IF(F293=0, F293/0, F293) -> #DIV/0! | U293: =IF(G293=0, G293/0, G293/10) -> #DIV/0!
I294: =IF((J294>500),1111111,0) -> 0 | J294: =C294-C293 -> 0 | L294: =(IF(C294>0,1,0))+(IF(C295>0,-1,0)) -> 0 | N294: =IF(C294>0,1,0) -> 0 | Q294: =IF(C294=0, C294/0, C294) -> #DIV/0! | S294: =IF(F294=0, F294/0, F294) -> #DIV/0! | U294: =IF(G294=0, G294/0, G294/10) -> #DIV/0!
I295: =IF((J295>500),1111111,0) -> 0 | J295: =C295-C294 -> 0 | L295: =(IF(C295>0,1,0))+(IF(C296>0,-1,0)) -> 0 | N295: =IF(C295>0,1,0) -> 0 | Q295: =IF(C295=0, C295/0, C295) -> #DIV/0! | S295: =IF(F295=0, F295/0, F295) -> #DIV/0! | U295: =IF(G295=0, G295/0, G295/10) -> #DIV/0!
I296: =IF((J296>500),1111111,0) -> 0 | J296: =C296-C295 -> 0 | L296: =(IF(C296>0,1,0))+(IF(C297>0,-1,0)) -> 0 | N296: =IF(C296>0,1,0) -> 0 | Q296: =IF(C296=0, C296/0, C296) -> #DIV/0! | S296: =IF(F296=0, F296/0, F296) -> #DIV/0! | U296: =IF(G296=0, G296/0, G296/10) -> #DIV/0!
I297: =IF((J297>500),1111111,0) -> 0 | J297: =C297-C296 -> 0 | L297: =(IF(C297>0,1,0))+(IF(C298>0,-1,0)) -> 0 | N297: =IF(C297>0,1,0) -> 0 | Q297: =IF(C297=0, C297/0, C297) -> #DIV/0! | S297: =IF(F297=0, F297/0, F297) -> #DIV/0! | U297: =IF(G297=0, G297/0, G297/10) -> #DIV/0!
I298: =IF((J298>500),1111111,0) -> 0 | J298: =C298-C297 -> 0 | L298: =(IF(C298>0,1,0))+(IF(C299>0,-1,0)) -> 0 | N298: =IF(C298>0,1,0) -> 0 | Q298: =IF(C298=0, C298/0, C298) -> #DIV/0! | S298: =IF(F298=0, F298/0, F298) -> #DIV/0! | U298: =IF(G298=0, G298/0, G298/10) -> #DIV/0!
I299: =IF((J299>500),1111111,0) -> 0 | J299: =C299-C298 -> 0 | L299: =(IF(C299>0,1,0))+(IF(C300>0,-1,0)) -> 0 | N299: =IF(C299>0,1,0) -> 0 | Q299: =IF(C299=0, C299/0, C299) -> #DIV/0! | S299: =IF(F299=0, F299/0, F299) -> #DIV/0! | U299: =IF(G299=0, G299/0, G299/10) -> #DIV/0!
I300: =IF((J300>500),1111111,0) -> 0 | J300: =C300-C299 -> 0 | L300: =(IF(C300>0,1,0))+(IF(C301>0,-1,0)) -> 0 | N300: =IF(C300>0,1,0) -> 0 | Q300: =IF(C300=0, C300/0, C300) -> #DIV/0! | S300: =IF(F300=0, F300/0, F300) -> #DIV/0! | U300: =IF(G300=0, G300/0, G300/10) -> #DIV/0!
I301: =IF((J301>500),1111111,0) -> 0 | J301: =C301-C300 -> 0 | L301: =(IF(C301>0,1,0))+(IF(C302>0,-1,0)) -> 0 | N301: =IF(C301>0,1,0) -> 0 | Q301: =IF(C301=0, C301/0, C301) -> #DIV/0! | S301: =IF(F301=0, F301/0, F301) -> #DIV/0! | U301: =IF(G301=0, G301/0, G301/10) -> #DIV/0!
... I600: =IF((J600>500),1111111,0) -> 0 | J600: =C600-C599 -> 0 | L600: =(IF(C600>0,1,0))+(IF(C601>0,-1,0)) -> 0 | N600: =IF(C600>0,1,0) -> 0 | Q600: =IF(C600=0, C600/0, C600) -> #DIV/0! | S600: =IF(F600=0, F600/0, F600) -> #DIV/0! | U600: =IF(G600=0, G600/0, G600/10) -> #DIV/0!

Sheet Vz
A1: altitude | B1: ='RAOB Used for Calcs'!C1 -> 229 | C1: delta altitude | D1: =D2 -> 25.333333 | E1: Time for sound | F1: =IF(D1>0,D1/O1,0) -> 0.074683199 | G1: Vt: | H1: drag coefficient (Cd) | I1: 0.6 | J1: drag coefficient (Cd) | K1: =IF(Q1<0.722,(0.45*(Q1*Q1))+0.424,(2.1*EXP(-1.2*(Q1+0.35)))-(8.9*EXP(-2.2*(Q1+0.35)))+0.92) -> 0.44358817 | L1: air density (p) | M1: ='P,T'!J1 -> 1.2019937 | N1: speed of sound | O1: =331.3*(SQRT((1+('P,T'!D1/273.15)))) -> 339.21061 | P1: Mach number (M) | Q1: =V1/O1 -> 0.20863669 | R1: Mach number (M) | S1: =X1/O1 -> 0.24264778 | T1: terminal velocity | V1: =IF('RAOB Used for Calcs'!N1=1,((2*$T$16*$T$19)/(M1*$T$22*I1))^(1/2),0) -> 70.771778 | W1: terminal velocity | X1: =IF('RAOB Used for Calcs'!N1=1,((2*$T$16*$T$19)/(M1*$T$22*K1))^(1/2),0) -> 82.308702 | Y1: terminal velocity | Z1: =X1*2.23693629 -> 184.11932 | AA1: Vs: | AB1: super-Vt velocity (Vs) | AC1: =IF('RAOB Used for Calcs'!L1=1,('particle parameters'!$B$25*ABS('particle parameters'!$B$30)),(AC2+(AM2*'vertical grid'!H2))) -> 36.924757 | AD1: Mach number (M) | AE1: =AC1/O1 -> 0.10885496 | AF1: drag coefficient (Cd) for initial high infall velocity | AG1: =IF(AE1<0.722,(0.45*(AE1*AE1))+0.424,(2.1*EXP(-1.2*(AE1+0.35)))-(8.9*EXP(-2.2*(AE1+0.35)))+0.92) -> 0.42933223 | AH1: Veff | AI1: =AC1-X1 -> -45.383945 | AJ1: deceleration force (F) | AK1: =-(0.5*M1*$AJ$12*AG1*(AC1*AC1)) -> -1.9108488 | AL1: deceleration acceleration (a) | AM1: =AK1/('particle parameters'!$B$21/1000) -> -1.9108488 | AN1: Vz | AO1: =IF(AC1>X1,AC1,X1) -> 82.308702 | AP1: In range? | AQ1: =IF('vertical grid'!J1=TRUE,1,0) -> 0 | AR1: Vz for values actually used | AS1: =AQ1*AO1 -> 0 | AT1: Trivia: | AU1: G-force | AV1: =(Vz!$B$14/1000)*Vz!AK1 -> -1.9407854 | AW1: Vt used? | AX1: =IF(AC1>X1,1,0) -> 0 | AY1: Max G | AZ1: =MIN(AV1:AV600) -> -2647.1871 | BA1: G
A2: (m) | B2: ='RAOB Used for Calcs'!C2 -> 254.33333 | C2: (m) | D2: =B2-B1 -> 25.333333 | E2: to travel through | F2: =IF(D2>0,D2/O2,0) -> 0.07477465 | I2: 0.6 | K2: =IF(Q2<0.722,(0.45*(Q2*Q2))+0.424,(2.1*EXP(-1.2*(Q2+0.35)))-(8.9*EXP(-2.2*(Q2+0.35)))+0.92) -> 0.44376825 | L2: (kg/m2) | M2: ='P,T'!J2 -> 1.1939631 | N2: (m/s) | O2: =331.3*(SQRT((1+('P,T'!D2/273.15)))) -> 338.79575 | Q2: =V2/O2 -> 0.2095935 | S2: =X2/O2 -> 0.24371111 | T2: (m/s) | V2: =IF('RAOB Used for Calcs'!N2=1,((2*$T$16*$T$19)/(M2*$T$22*I2))^(1/2),0) -> 71.009385 | W2: (m/s) | X2: =IF('RAOB Used for Calcs'!N2=1,((2*$T$16*$T$19)/(M2*$T$22*K2))^(1/2),0) -> 82.568286 | Y2: (mph) | Z2: =X2*2.23693629 -> 184.69999 | AC2: =IF('RAOB Used for Calcs'!L2=1,('particle parameters'!$B$25*ABS('particle parameters'!$B$30)),(AC3+(AM3*'vertical grid'!H3))) -> 36.924757 | AD2: for Vs | AE2: =AC2/O2 -> 0.10898825 | AG2: =IF(AE2<0.722,(0.45*(AE2*AE2))+0.424,(2.1*EXP(-1.2*(AE2+0.35)))-(8.9*EXP(-2.2*(AE2+0.35)))+0.92) -> 0.4293453 | AI2: =AC2-X2 -> -45.643529 | AK2: =-(0.5*M2*$AJ$12*AG2*(AC2*AC2)) -> -1.89814 | AM2: =AK2/('particle parameters'!$B$21/1000) -> -1.89814 | AO2: =IF(AC2>X2,AC2,X2) -> 82.568286 | AQ2: =IF('vertical grid'!J2=TRUE,1,0) -> 0 | AS2: =AQ2*AO2 -> 0 | AV2: =(Vz!$B$14/1000)*Vz!AK2 -> -1.9278776 | AX2: =IF(AC2>X2,1,0) -> 0
B3: ='RAOB Used for Calcs'!C3 -> 279.66667 | D3: =B3-B2 -> 25.333333 | E3: this altitude | F3: =IF(D3>0,D3/O3,0) -> 0.07477465 | H3: 0.6 for first iteration | I3: 0.6 | J3: second iteration | K3: =IF(Q3<0.722,(0.45*(Q3*Q3))+0.424,(2.1*EXP(-1.2*(Q3+0.35)))-(8.9*EXP(-2.2*(Q3+0.35)))+0.92) -> 0.44376825 | M3: ='P,T'!J3 -> 1.1939631 | O3: =331.3*(SQRT((1+('P,T'!D3/273.15)))) -> 338.79575 | P3: first iteration | Q3: =V3/O3 -> 0.2095935 | R3: second iteration | S3: =X3/O3 -> 0.24371111 | V3: =IF('RAOB Used for Calcs'!N3=1,((2*$T$16*$T$19)/(M3*$T$22*I3))^(1/2),0) -> 71.009385 | X3: =IF('RAOB Used for Calcs'!N3=1,((2*$T$16*$T$19)/(M3*$T$22*K3))^(1/2),0) -> 82.568286 | Z3: =X3*2.23693629 -> 184.69999 | AB3: m/s | AC3: =IF('RAOB Used for Calcs'!L3=1,('particle parameters'!$B$25*ABS('particle parameters'!$B$30)),(AC4+(AM4*'vertical grid'!H4))) -> 36.924757 | AE3: =AC3/O3 -> 0.10898825 | AF3: Cd [0 to 0.722] = 0.45 (M^2)+0.424 | AG3: =IF(AE3<0.722,(0.45*(AE3*AE3))+0.424,(2.1*EXP(-1.2*(AE3+0.35)))-(8.9*EXP(-2.2*(AE3+0.35)))+0.92) -> 0.4293453 | AH3: m/s | AI3: =AC3-X3 -> -45.643529 | AJ3: kg*m/s2 | AK3: =-(0.5*M3*$AJ$12*AG3*(AC3*AC3)) -> -1.89814 | AL3: m/s^2 | AM3: =AK3/('particle parameters'!$B$21/1000) -> -1.89814 | AN3: whichever is | AO3: =IF(AC3>X3,AC3,X3) -> 82.568286 | AQ3: =IF('vertical grid'!J3=TRUE,1,0) -> 0 | AR3: MAX: | AS3: =AQ3*AO3 -> 0 | AU3: F=m*a | AV3: =(Vz!$B$14/1000)*Vz!AK3 -> -1.9278776 | AX3: =IF(AC3>X3,1,0) -> 0
B4: ='RAOB Used for Calcs'!C4 -> 305 | D4: =B4-B3 -> 25.333333 | E4: interval | F4: =IF(D4>0,D4/O4,0) -> 0.07477465 | I4: 0.6 | K4: =IF(Q4<0.722,(0.45*(Q4*Q4))+0.424,(2.1*EXP(-1.2*(Q4+0.35)))-(8.9*EXP(-2.2*(Q4+0.35)))+0.92) -> 0.44376825 | M4: ='P,T'!J4 -> 1.1939631 | N4: c=331.3*sqrt((1+(T/273.15))) | O4: =331.3*(SQRT((1+('P,T'!D4/273.15)))) -> 338.79575 | Q4: =V4/O4 -> 0.2095935 | S4: =X4/O4 -> 0.24371111 | T4: first iteration | V4: =IF('RAOB Used for Calcs'!N4=1,((2*$T$16*$T$19)/(M4*$T$22*I4))^(1/2),0) -> 71.009385 | W4: second iteration | X4: =IF('RAOB Used for Calcs'!N4=1,((2*$T$16*$T$19)/(M4*$T$22*K4))^(1/2),0) -> 82.568286 | Z4: =X4*2.23693629 -> 184.69999 | AC4: =IF('RAOB Used for Calcs'!L4=1,('particle parameters'!$B$25*ABS('particle parameters'!$B$30)),(AC5+(AM5*'vertical grid'!H5))) -> 36.924757 | AD4: M = V/c | AE4: =AC4/O4 -> 0.10898825 | AF4: Cd [>0.722] = 2.1e(-1.2(M+0.35))-8.9e(-2.2(M+0.35))+0.92 | AG4: =IF(AE4<0.722,(0.45*(AE4*AE4))+0.424,(2.1*EXP(-1.2*(AE4+0.35)))-(8.9*EXP(-2.2*(AE4+0.35)))+0.92) -> 0.4293453 | AI4: =AC4-X4 -> -45.643529 | AK4: =-(0.5*M4*$AJ$12*AG4*(AC4*AC4)) -> -1.89814 | AM4: =AK4/('particle parameters'!$B$21/1000) -> -1.89814 | AN4: greater, | AO4: =IF(AC4>X4,AC4,X4) -> 82.568286 | AQ4: =IF('vertical grid'!J4=TRUE,1,0) -> 0 | AR4: =MAX(AS1:AS600) -> 2555.1808 | AS4: =AQ4*AO4 -> 0 | AV4: =(Vz!$B$14/1000)*Vz!AK4 -> -1.9278776 | AX4: =IF(AC4>X4,1,0) -> 0
B5: ='RAOB Used for Calcs'!C5 -> 406.66667 | D5: =B5-B4 -> 101.66667 | E5: (s) | F5: =IF(D5>0,D5/O5,0) -> 0.30156411 | I5: 0.6 | J5: Cd [0 to 0.722] = 0.45 (M^2)+0.424 | K5: =IF(Q5<0.722,(0.45*(Q5*Q5))+0.424,(2.1*EXP(-1.2*(Q5+0.35)))-(8.9*EXP(-2.2*(Q5+0.35)))+0.92) -> 0.4445077 | M5: ='P,T'!J5 -> 1.1623053 | O5: =331.3*(SQRT((1+('P,T'!D5/273.15)))) -> 337.13118 | P5: M = V/c | Q5: =V5/O5 -> 0.21347753 | R5: M = V/c | S5: =X5/O5 -> 0.24802083 | V5: =IF('RAOB Used for Calcs'!N5=1,((2*$T$16*$T$19)/(M5*$T$22*I5))^(1/2),0) -> 71.969933 | X5: =IF('RAOB Used for Calcs'!N5=1,((2*$T$16*$T$19)/(M5*$T$22*K5))^(1/2),0) -> 83.615556 | Z5: =X5*2.23693629 -> 187.04267 | AB5: Vs= Vsi + at | AC5: =IF('RAOB Used for Calcs'!L5=1,('particle parameters'!$B$25*ABS('particle parameters'!$B$30)),(AC6+(AM6*'vertical grid'!H6))) -> 36.924757 | AE5: =AC5/O5 -> 0.10952638 | AF5: M: Mach number | AG5: =IF(AE5<0.722,(0.45*(AE5*AE5))+0.424,(2.1*EXP(-1.2*(AE5+0.35)))-(8.9*EXP(-2.2*(AE5+0.35)))+0.92) -> 0.42939821 | AH5: Veff=Vs-Vt | AI5: =AC5-X5 -> -46.690799 | AJ5: F = 1/2p A Cd (Veff^2) | AK5: =-(0.5*M5*$AJ$12*AG5*(AC5*AC5)) -> -1.8480388 | AL5: a=F/m | AM5: =AK5/('particle parameters'!$B$21/1000) -> -1.8480388 | AN5: Vt or Vs | AO5: =IF(AC5>X5,AC5,X5) -> 83.615556 | AQ5: =IF('vertical grid'!J5=TRUE,1,0) -> 0 | AS5: =AQ5*AO5 -> 0 | AV5: =(Vz!$B$14/1000)*Vz!AK5 -> -1.8769914 | AX5: =IF(AC5>X5,1,0) -> 0
B6: ='RAOB Used for Calcs'!C6 -> 508.33333 | D6: =B6-B5 -> 101.66667 | F6: =IF(D6>0,D6/O6,0) -> 0.30156411 | I6: 0.6 | J6: Cd [>0.722] = 2.1e(-1.2(M+0.35))-8.9e(-2.2(M+0.35))+0.92 | K6: =IF(Q6<0.722,(0.45*(Q6*Q6))+0.424,(2.1*EXP(-1.2*(Q6+0.35)))-(8.9*EXP(-2.2*(Q6+0.35)))+0.92) -> 0.4445077 | M6: ='P,T'!J6 -> 1.1623053 | N6: T: temp in deg K | O6: =331.3*(SQRT((1+('P,T'!D6/273.15)))) -> 337.13118 | Q6: =V6/O6 -> 0.21347753 | S6: =X6/O6 -> 0.24802083 | V6: =IF('RAOB Used for Calcs'!N6=1,((2*$T$16*$T$19)/(M6*$T$22*I6))^(1/2),0) -> 71.969933 | X6: =IF('RAOB Used for Calcs'!N6=1,((2*$T$16*$T$19)/(M6*$T$22*K6))^(1/2),0) -> 83.615556 | Z6: =X6*2.23693629 -> 187.04267 | AC6: =IF('RAOB Used for Calcs'!L6=1,('particle parameters'!$B$25*ABS('particle parameters'!$B$30)),(AC7+(AM7*'vertical grid'!H7))) -> 36.924757 | AE6: =AC6/O6 -> 0.10952638 | AF6: From Carter R., Jandir P., Kress M. LPSC 2009 | AG6: =IF(AE6<0.722,(0.45*(AE6*AE6))+0.424,(2.1*EXP(-1.2*(AE6+0.35)))-(8.9*EXP(-2.2*(AE6+0.35)))+0.92) -> 0.42939821 | AI6: =AC6-X6 -> -46.690799 | AJ6: p = air density | AK6: =-(0.5*M6*$AJ$12*AG6*(AC6*AC6)) -> -1.8480388 | AM6: =AK6/('particle parameters'!$B$21/1000) -> -1.8480388 | AO6: =IF(AC6>X6,AC6,X6) -> 83.615556 | AQ6: =IF('vertical grid'!J6=TRUE,1,0) -> 0 | AS6: =AQ6*AO6 -> 0 | AV6: =(Vz!$B$14/1000)*Vz!AK6 -> -1.8769914 | AX6: =IF(AC6>X6,1,0) -> 0
B7: ='RAOB Used for Calcs'!C7 -> 610 | D7: =B7-B6 -> 101.66667 | F7: =IF(D7>0,D7/O7,0) -> 0.30156411 | I7: 0.6 | J7: M: Mach number | K7: =IF(Q7<0.722,(0.45*(Q7*Q7))+0.424,(2.1*EXP(-1.2*(Q7+0.35)))-(8.9*EXP(-2.2*(Q7+0.35)))+0.92) -> 0.4445077 | M7: ='P,T'!J7 -> 1.1623053 | O7: =331.3*(SQRT((1+('P,T'!D7/273.15)))) -> 337.13118 | P7: assuming V=Vt | Q7: =V7/O7 -> 0.21347753 | R7: assuming V=Vt | S7: =X7/O7 -> 0.24802083 | T7: Vt = ((2mg)/(pACd))^(1/2) | V7: =IF('RAOB Used for Calcs'!N7=1,((2*$T$16*$T$19)/(M7*$T$22*I7))^(1/2),0) -> 71.969933 | X7: =IF('RAOB Used for Calcs'!N7=1,((2*$T$16*$T$19)/(M7*$T$22*K7))^(1/2),0) -> 83.615556 | Z7: =X7*2.23693629 -> 187.04267 | AB7: This is the velocity | AC7: =IF('RAOB Used for Calcs'!L7=1,('particle parameters'!$B$25*ABS('particle parameters'!$B$30)),(AC8+(AM8*'vertical grid'!H8))) -> 36.924757 | AE7: =AC7/O7 -> 0.10952638 | AG7: =IF(AE7<0.722,(0.45*(AE7*AE7))+0.424,(2.1*EXP(-1.2*(AE7+0.35)))-(8.9*EXP(-2.2*(AE7+0.35)))+0.92) -> 0.42939821 | AI7: =AC7-X7 -> -46.690799 | AJ7: V = wind speed = Vs | AK7: =-(0.5*M7*$AJ$12*AG7*(AC7*AC7)) -> -1.8480388 | AL7: convert m in g to kg | AM7: =AK7/('particle parameters'!$B$21/1000) -> -1.8480388 | AO7: =IF(AC7>X7,AC7,X7) -> 83.615556 | AQ7: =IF('vertical grid'!J7=TRUE,1,0) -> 0 | AS7: =AQ7*AO7 -> 0 | AV7: =(Vz!$B$14/1000)*Vz!AK7 -> -1.8769914 | AX7: =IF(AC7>X7,1,0) -> 0
B8: ='RAOB Used for Calcs'!C8 -> 665.33333 | D8: =B8-B7 -> 55.333333 | F8: =IF(D8>0,D8/O8,0) -> 0.16456692 | I8: 0.6 | J8: From Carter R., Jandir P., Kress M. LPSC 2009 | K8: =IF(Q8<0.722,(0.45*(Q8*Q8))+0.424,(2.1*EXP(-1.2*(Q8+0.35)))-(8.9*EXP(-2.2*(Q8+0.35)))+0.92) -> 0.44492228 | M8: ='P,T'!J8 -> 1.1453475 | O8: =331.3*(SQRT((1+('P,T'!D8/273.15)))) -> 336.23606 | Q8: =V8/O8 -> 0.21562459 | S8: =X8/O8 -> 0.25039856 | V8: =IF('RAOB Used for Calcs'!N8=1,((2*$T$16*$T$19)/(M8*$T$22*I8))^(1/2),0) -> 72.500763 | X8: =IF('RAOB Used for Calcs'!N8=1,((2*$T$16*$T$19)/(M8*$T$22*K8))^(1/2),0) -> 84.193027 | Z8: =X8*2.23693629 -> 188.33444 | AB8: in excess of Vt | AC8: =IF('RAOB Used for Calcs'!L8=1,('particle parameters'!$B$25*ABS('particle parameters'!$B$30)),(AC9+(AM9*'vertical grid'!H9))) -> 36.924757 | AE8: =AC8/O8 -> 0.10981796 | AG8: =IF(AE8<0.722,(0.45*(AE8*AE8))+0.424,(2.1*EXP(-1.2*(AE8+0.35)))-(8.9*EXP(-2.2*(AE8+0.35)))+0.92) -> 0.42942699 | AI8: =AC8-X8 -> -47.26827 | AJ8: Cd = drag coeff | AK8: =-(0.5*M8*$AJ$12*AG8*(AC8*AC8)) -> -1.8211983 | AM8: =AK8/('particle parameters'!$B$21/1000) -> -1.8211983 | AO8: =IF(AC8>X8,AC8,X8) -> 84.193027 | AQ8: =IF('vertical grid'!J8=TRUE,1,0) -> 0 | AS8: =AQ8*AO8 -> 0 | AV8: =(Vz!$B$14/1000)*Vz!AK8 -> -1.8497304 | AX8: =IF(AC8>X8,1,0) -> 0
B9: ='RAOB Used for Calcs'!C9 -> 720.66667 | D9: =B9-B8 -> 55.333333 | F9: =IF(D9>0,D9/O9,0) -> 0.16456692 | I9: 0.6 | K9: =IF(Q9<0.722,(0.45*(Q9*Q9))+0.424,(2.1*EXP(-1.2*(Q9+0.35)))-(8.9*EXP(-2.2*(Q9+0.35)))+0.92) -> 0.44492228 | M9: ='P,T'!J9 -> 1.1453475 | O9: =331.3*(SQRT((1+('P,T'!D9/273.15)))) -> 336.23606 | Q9: =V9/O9 -> 0.21562459 | S9: =X9/O9 -> 0.25039856 | T9: m = mass of object | V9: =IF('RAOB Used for Calcs'!N9=1,((2*$T$16*$T$19)/(M9*$T$22*I9))^(1/2),0) -> 72.500763 | X9: =IF('RAOB Used for Calcs'!N9=1,((2*$T$16*$T$19)/(M9*$T$22*K9))^(1/2),0) -> 84.193027 | Z9: =X9*2.23693629 -> 188.33444 | AB9: Also, remaining | AC9: =IF('RAOB Used for Calcs'!L9=1,('particle parameters'!$B$25*ABS('particle parameters'!$B$30)),(AC10+(AM10*'vertical grid'!H10))) -> 36.924757 | AE9: =AC9/O9 -> 0.10981796 | AG9: =IF(AE9<0.722,(0.45*(AE9*AE9))+0.424,(2.1*EXP(-1.2*(AE9+0.35)))-(8.9*EXP(-2.2*(AE9+0.35)))+0.92) -> 0.42942699 | AI9: =AC9-X9 -> -47.26827 | AJ9: A = cross section | AK9: =-(0.5*M9*$AJ$12*AG9*(AC9*AC9)) -> -1.8211983 | AM9: =AK9/('particle parameters'!$B$21/1000) -> -1.8211983 | AO9: =IF(AC9>X9,AC9,X9) -> 84.193027 | AQ9: =IF('vertical grid'!J9=TRUE,1,0) -> 0 | AS9: =AQ9*AO9 -> 0 | AV9: =(Vz!$B$14/1000)*Vz!AK9 -> -1.8497304 | AX9: =IF(AC9>X9,1,0) -> 0
B10: ='RAOB Used for Calcs'!C10 -> 776 | D10: =B10-B9 -> 55.333333 | F10: =IF(D10>0,D10/O10,0) -> 0.16456692 | I10: 0.6 | K10: =IF(Q10<0.722,(0.45*(Q10*Q10))+0.424,(2.1*EXP(-1.2*(Q10+0.35)))-(8.9*EXP(-2.2*(Q10+0.35)))+0.92) -> 0.44492228 | M10: ='P,T'!J10 -> 1.1453475 | O10: =331.3*(SQRT((1+('P,T'!D10/273.15)))) -> 336.23606 | Q10: =V10/O10 -> 0.21562459 | S10: =X10/O10 -> 0.25039856 | T10: g = gravity | V10: =IF('RAOB Used for Calcs'!N10=1,((2*$T$16*$T$19)/(M10*$T$22*I10))^(1/2),0) -> 72.500763 | X10: =IF('RAOB Used for Calcs'!N10=1,((2*$T$16*$T$19)/(M10*$T$22*K10))^(1/2),0) -> 84.193027 | Z10: =X10*2.23693629 -> 188.33444 | AB10: cosmic velocity | AC10: =IF('RAOB Used for Calcs'!L10=1,('particle parameters'!$B$25*ABS('particle parameters'!$B$30)),(AC11+(AM11*'vertical grid'!H11))) -> 36.924757 | AE10: =AC10/O10 -> 0.10981796 | AG10: =IF(AE10<0.722,(0.45*(AE10*AE10))+0.424,(2.1*EXP(-1.2*(AE10+0.35)))-(8.9*EXP(-2.2*(AE10+0.35)))+0.92) -> 0.42942699 | AI10: =AC10-X10 -> -47.26827 | AK10: =-(0.5*M10*$AJ$12*AG10*(AC10*AC10)) -> -1.8211983 | AM10: =AK10/('particle parameters'!$B$21/1000) -> -1.8211983 | AO10: =IF(AC10>X10,AC10,X10) -> 84.193027 | AQ10: =IF('vertical grid'!J10=TRUE,1,0) -> 0 | AS10: =AQ10*AO10 -> 0 | AV10: =(Vz!$B$14/1000)*Vz!AK10 -> -1.8497304 | AX10: =IF(AC10>X10,1,0) -> 0
B11: ='RAOB Used for Calcs'!C11 -> 822 | D11: =B11-B10 -> 46 | F11: =IF(D11>0,D11/O11,0) -> 0.1371503 | I11: 0.6 | K11: =IF(Q11<0.722,(0.45*(Q11*Q11))+0.424,(2.1*EXP(-1.2*(Q11+0.35)))-(8.9*EXP(-2.2*(Q11+0.35)))+0.92) -> 0.44527885 | M11: ='P,T'!J11 -> 1.1317869 | O11: =331.3*(SQRT((1+('P,T'!D11/273.15)))) -> 335.39846 | Q11: =V11/O11 -> 0.2174542 | S11: =X11/O11 -> 0.25242211 | T11: Cd = drag coefficient | V11: =IF('RAOB Used for Calcs'!N11=1,((2*$T$16*$T$19)/(M11*$T$22*I11))^(1/2),0) -> 72.933805 | X11: =IF('RAOB Used for Calcs'!N11=1,((2*$T$16*$T$19)/(M11*$T$22*K11))^(1/2),0) -> 84.661988 | Z11: =X11*2.23693629 -> 189.38347 | AC11: =IF('RAOB Used for Calcs'!L11=1,('particle parameters'!$B$25*ABS('particle parameters'!$B$30)),(AC12+(AM12*'vertical grid'!H12))) -> 36.924757 | AE11: =AC11/O11 -> 0.11009221 | AG11: =IF(AE11<0.722,(0.45*(AE11*AE11))+0.424,(2.1*EXP(-1.2*(AE11+0.35)))-(8.9*EXP(-2.2*(AE11+0.35)))+0.92) -> 0.42945413 | AI11: =AC11-X11 -> -47.737231 | AJ11: A (m2) | AK11: =-(0.5*M11*$AJ$12*AG11*(AC11*AC11)) -> -1.7997496 | AM11: =AK11/('particle parameters'!$B$21/1000) -> -1.7997496 | AO11: =IF(AC11>X11,AC11,X11) -> 84.661988 | AQ11: =IF('vertical grid'!J11=TRUE,1,0) -> 0 | AS11: =AQ11*AO11 -> 0 | AV11: =(Vz!$B$14/1000)*Vz!AK11 -> -1.8279457 | AX11: =IF(AC11>X11,1,0) -> 0
B12: ='RAOB Used for Calcs'!C12 -> 868 | D12: =B12-B11 -> 46 | F12: =IF(D12>0,D12/O12,0) -> 0.1371503 | I12: 0.6 | K12: =IF(Q12<0.722,(0.45*(Q12*Q12))+0.424,(2.1*EXP(-1.2*(Q12+0.35)))-(8.9*EXP(-2.2*(Q12+0.35)))+0.92) -> 0.44527885 | M12: ='P,T'!J12 -> 1.1317869 | O12: =331.3*(SQRT((1+('P,T'!D12/273.15)))) -> 335.39846 | Q12: =V12/O12 -> 0.2174542 | S12: =X12/O12 -> 0.25242211 | T12: p = density of the air | V12: =IF('RAOB Used for Calcs'!N12=1,((2*$T$16*$T$19)/(M12*$T$22*I12))^(1/2),0) -> 72.933805 | X12: =IF('RAOB Used for Calcs'!N12=1,((2*$T$16*$T$19)/(M12*$T$22*K12))^(1/2),0) -> 84.661988 | Z12: =X12*2.23693629 -> 189.38347 | AC12: =IF('RAOB Used for Calcs'!L12=1,('particle parameters'!$B$25*ABS('particle parameters'!$B$30)),(AC13+(AM13*'vertical grid'!H13))) -> 36.924757 | AE12: =AC12/O12 -> 0.11009221 | AG12: =IF(AE12<0.722,(0.45*(AE12*AE12))+0.424,(2.1*EXP(-1.2*(AE12+0.35)))-(8.9*EXP(-2.2*(AE12+0.35)))+0.92) -> 0.42945413 | AI12: =AC12-X12 -> -47.737231 | AJ12: ='particle parameters'!F19 -> 0.0054315694 | AK12: =-(0.5*M12*$AJ$12*AG12*(AC12*AC12)) -> -1.7997496 | AM12: =AK12/('particle parameters'!$B$21/1000) -> -1.7997496 | AO12: =IF(AC12>X12,AC12,X12) -> 84.661988 | AQ12: =IF('vertical grid'!J12=TRUE,1,0) -> 0 | AS12: =AQ12*AO12 -> 0 | AV12: =(Vz!$B$14/1000)*Vz!AK12 -> -1.8279457 | AX12: =IF(AC12>X12,1,0) -> 0
B13: ='RAOB Used for Calcs'!C13 -> 914 | D13: =B13-B12 -> 46 | F13: =IF(D13>0,D13/O13,0) -> 0.1371503 | I13: 0.6 | K13: =IF(Q13<0.722,(0.45*(Q13*Q13))+0.424,(2.1*EXP(-1.2*(Q13+0.35)))-(8.9*EXP(-2.2*(Q13+0.35)))+0.92) -> 0.44527885 | M13: ='P,T'!J13 -> 1.1317869 | O13: =331.3*(SQRT((1+('P,T'!D13/273.15)))) -> 335.39846 | Q13: =V13/O13 -> 0.2174542 | S13: =X13/O13 -> 0.25242211 | T13: A = effective cross section of the object | V13: =IF('RAOB Used for Calcs'!N13=1,((2*$T$16*$T$19)/(M13*$T$22*I13))^(1/2),0) -> 72.933805 | X13: =IF('RAOB Used for Calcs'!N13=1,((2*$T$16*$T$19)/(M13*$T$22*K13))^(1/2),0) -> 84.661988 | Z13: =X13*2.23693629 -> 189.38347 | AC13: =IF('RAOB Used for Calcs'!L13=1,('particle parameters'!$B$25*ABS('particle parameters'!$B$30)),(AC14+(AM14*'vertical grid'!H14))) -> 36.924757 | AE13: =AC13/O13 -> 0.11009221 | AG13: =IF(AE13<0.722,(0.45*(AE13*AE13))+0.424,(2.1*EXP(-1.2*(AE13+0.35)))-(8.9*EXP(-2.2*(AE13+0.35)))+0.92) -> 0.42945413 | AI13: =AC13-X13 -> -47.737231 | AK13: =-(0.5*M13*$AJ$12*AG13*(AC13*AC13)) -> -1.7997496 | AM13: =AK13/('particle parameters'!$B$21/1000) -> -1.7997496 | AO13: =IF(AC13>X13,AC13,X13) -> 84.661988 | AQ13: =IF('vertical grid'!J13=TRUE,1,0) -> 0 | AS13: =AQ13*AO13 -> 0 | AV13: =(Vz!$B$14/1000)*Vz!AK13 -> -1.8279457 | AX13: =IF(AC13>X13,1,0) -> 0
B14: ='RAOB Used for Calcs'!C14 -> 1015.6667 | D14: =B14-B13 -> 101.66667 | F14: =IF(D14>0,D14/O14,0) -> 0.30481441 | I14: 0.6 | K14: =IF(Q14<0.722,(0.45*(Q14*Q14))+0.424,(2.1*EXP(-1.2*(Q14+0.35)))-(8.9*EXP(-2.2*(Q14+0.35)))+0.92) -> 0.44609259 | M14: ='P,T'!J14 -> 1.1023056 | O14: =331.3*(SQRT((1+('P,T'!D14/273.15)))) -> 333.53629 | Q14: =V14/O14 -> 0.22157313 | S14: =X14/O14 -> 0.25696869 | V14: =IF('RAOB Used for Calcs'!N14=1,((2*$T$16*$T$19)/(M14*$T$22*I14))^(1/2),0) -> 73.902681 | X14: =IF('RAOB Used for Calcs'!N14=1,((2*$T$16*$T$19)/(M14*$T$22*K14))^(1/2),0) -> 85.708386 | Z14: =X14*2.23693629 -> 191.7242 | AC14: =IF('RAOB Used for Calcs'!L14=1,('particle parameters'!$B$25*ABS('particle parameters'!$B$30)),(AC15+(AM15*'vertical grid'!H15))) -> 36.924757 | AE14: =AC14/O14 -> 0.11070686 | AG14: =IF(AE14<0.722,(0.45*(AE14*AE14))+0.424,(2.1*EXP(-1.2*(AE14+0.35)))-(8.9*EXP(-2.2*(AE14+0.35)))+0.92) -> 0.4295152 | AI14: =AC14-X14 -> -48.783629 | AK14: =-(0.5*M14*$AJ$12*AG14*(AC14*AC14)) -> -1.7531182 | AM14: =AK14/('particle parameters'!$B$21/1000) -> -1.7531182 | AO14: =IF(AC14>X14,AC14,X14) -> 85.708386 | AQ14: =IF('vertical grid'!J14=TRUE,1,0) -> 0 | AS14: =AQ14*AO14 -> 0 | AV14: =(Vz!$B$14/1000)*Vz!AK14 -> -1.7805837 | AX14: =IF(AC14>X14,1,0) -> 0
B15: ='RAOB Used for Calcs'!C15 -> 1117.3333 | D15: =B15-B14 -> 101.66667 | F15: =IF(D15>0,D15/O15,0) -> 0.30481441 | I15: 0.6 | K15: =IF(Q15<0.722,(0.45*(Q15*Q15))+0.424,(2.1*EXP(-1.2*(Q15+0.35)))-(8.9*EXP(-2.2*(Q15+0.35)))+0.92) -> 0.44609259 | M15: ='P,T'!J15 -> 1.1023056 | O15: =331.3*(SQRT((1+('P,T'!D15/273.15)))) -> 333.53629 | Q15: =V15/O15 -> 0.22157313 | S15: =X15/O15 -> 0.25696869 | T15: m | V15: =IF('RAOB Used for Calcs'!N15=1,((2*$T$16*$T$19)/(M15*$T$22*I15))^(1/2),0) -> 73.902681 | X15: =IF('RAOB Used for Calcs'!N15=1,((2*$T$16*$T$19)/(M15*$T$22*K15))^(1/2),0) -> 85.708386 | Z15: =X15*2.23693629 -> 191.7242 | AC15: =IF('RAOB Used for Calcs'!L15=1,('particle parameters'!$B$25*ABS('particle parameters'!$B$30)),(AC16+(AM16*'vertical grid'!H16))) -> 36.924757 | AE15: =AC15/O15 -> 0.11070686 | AG15: =IF(AE15<0.722,(0.45*(AE15*AE15))+0.424,(2.1*EXP(-1.2*(AE15+0.35)))-(8.9*EXP(-2.2*(AE15+0.35)))+0.92) -> 0.4295152 | AI15: =AC15-X15 -> -48.783629 | AK15: =-(0.5*M15*$AJ$12*AG15*(AC15*AC15)) -> -1.7531182 | AM15: =AK15/('particle parameters'!$B$21/1000) -> -1.7531182 | AO15: =IF(AC15>X15,AC15,X15) -> 85.708386 | AQ15: =IF('vertical grid'!J15=TRUE,1,0) -> 0 | AS15: =AQ15*AO15 -> 0 | AV15: =(Vz!$B$14/1000)*Vz!AK15 -> -1.7805837 | AX15: =IF(AC15>X15,1,0) -> 0
B16: ='RAOB Used for Calcs'!C16 -> 1219 | D16: =B16-B15 -> 101.66667 | F16: =IF(D16>0,D16/O16,0) -> 0.30481441 | I16: 0.6 | K16: =IF(Q16<0.722,(0.45*(Q16*Q16))+0.424,(2.1*EXP(-1.2*(Q16+0.35)))-(8.9*EXP(-2.2*(Q16+0.35)))+0.92) -> 0.44609259 | M16: ='P,T'!J16 -> 1.1023056 | O16: =331.3*(SQRT((1+('P,T'!D16/273.15)))) -> 333.53629 | Q16: =V16/O16 -> 0.22157313 | S16: =X16/O16 -> 0.25696869 | T16: =('particle parameters'!B21/1000) -> 1 | U16: kg | V16: =IF('RAOB Used for Calcs'!N16=1,((2*$T$16*$T$19)/(M16*$T$22*I16))^(1/2),0) -> 73.902681 | X16: =IF('RAOB Used for Calcs'!N16=1,((2*$T$16*$T$19)/(M16*$T$22*K16))^(1/2),0) -> 85.708386 | Z16: =X16*2.23693629 -> 191.7242 | AC16: =IF('RAOB Used for Calcs'!L16=1,('particle parameters'!$B$25*ABS('particle parameters'!$B$30)),(AC17+(AM17*'vertical grid'!H17))) -> 36.924757 | AE16: =AC16/O16 -> 0.11070686 | AG16: =IF(AE16<0.722,(0.45*(AE16*AE16))+0.424,(2.1*EXP(-1.2*(AE16+0.35)))-(8.9*EXP(-2.2*(AE16+0.35)))+0.92) -> 0.4295152 | AI16: =AC16-X16 -> -48.783629 | AK16: =-(0.5*M16*$AJ$12*AG16*(AC16*AC16)) -> -1.7531182 | AM16: =AK16/('particle parameters'!$B$21/1000) -> -1.7531182 | AO16: =IF(AC16>X16,AC16,X16) -> 85.708386 | AQ16: =IF('vertical grid'!J16=TRUE,1,0) -> 0 | AS16: =AQ16*AO16 -> 0 | AV16: =(Vz!$B$14/1000)*Vz!AK16 -> -1.7805837 | AX16: =IF(AC16>X16,1,0) -> 0
B17: ='RAOB Used for Calcs'!C17 -> 1301 | D17: =B17-B16 -> 82 | F17: =IF(D17>0,D17/O17,0) -> 0.24696792 | I17: 0.6 | K17: =IF(Q17<0.722,(0.45*(Q17*Q17))+0.424,(2.1*EXP(-1.2*(Q17+0.35)))-(8.9*EXP(-2.2*(Q17+0.35)))+0.92) -> 0.44676837 | M17: ='P,T'!J17 -> 1.0793354 | O17: =331.3*(SQRT((1+('P,T'!D17/273.15)))) -> 332.02693 | Q17: =V17/O17 -> 0.22493637 | S17: =X17/O17 -> 0.26067183 | V17: =IF('RAOB Used for Calcs'!N17=1,((2*$T$16*$T$19)/(M17*$T$22*I17))^(1/2),0) -> 74.684935 | X17: =IF('RAOB Used for Calcs'!N17=1,((2*$T$16*$T$19)/(M17*$T$22*K17))^(1/2),0) -> 86.55007 | Z17: =X17*2.23693629 -> 193.60699 | AC17: =IF('RAOB Used for Calcs'!L17=1,('particle parameters'!$B$25*ABS('particle parameters'!$B$30)),(AC18+(AM18*'vertical grid'!H18))) -> 36.924757 | AE17: =AC17/O17 -> 0.11121013 | AG17: =IF(AE17<0.722,(0.45*(AE17*AE17))+0.424,(2.1*EXP(-1.2*(AE17+0.35)))-(8.9*EXP(-2.2*(AE17+0.35)))+0.92) -> 0.42956546 | AI17: =AC17-X17 -> -49.625313 | AK17: =-(0.5*M17*$AJ$12*AG17*(AC17*AC17)) -> -1.7167869 | AM17: =AK17/('particle parameters'!$B$21/1000) -> -1.7167869 | AO17: =IF(AC17>X17,AC17,X17) -> 86.55007 | AQ17: =IF('vertical grid'!J17=TRUE,1,0) -> 0 | AS17: =AQ17*AO17 -> 0 | AV17: =(Vz!$B$14/1000)*Vz!AK17 -> -1.7436832 | AX17: =IF(AC17>X17,1,0) -> 0
B18: ='RAOB Used for Calcs'!C18 -> 1383 | D18: =B18-B17 -> 82 | F18: =IF(D18>0,D18/O18,0) -> 0.24696792 | I18: 0.6 | K18: =IF(Q18<0.722,(0.45*(Q18*Q18))+0.424,(2.1*EXP(-1.2*(Q18+0.35)))-(8.9*EXP(-2.2*(Q18+0.35)))+0.92) -> 0.44676837 | M18: ='P,T'!J18 -> 1.0793354 | O18: =331.3*(SQRT((1+('P,T'!D18/273.15)))) -> 332.02693 | Q18: =V18/O18 -> 0.22493637 | S18: =X18/O18 -> 0.26067183 | T18: g | V18: =IF('RAOB Used for Calcs'!N18=1,((2*$T$16*$T$19)/(M18*$T$22*I18))^(1/2),0) -> 74.684935 | X18: =IF('RAOB Used for Calcs'!N18=1,((2*$T$16*$T$19)/(M18*$T$22*K18))^(1/2),0) -> 86.55007 | Z18: =X18*2.23693629 -> 193.60699 | AC18: =IF('RAOB Used for Calcs'!L18=1,('particle parameters'!$B$25*ABS('particle parameters'!$B$30)),(AC19+(AM19*'vertical grid'!H19))) -> 36.924757 | AE18: =AC18/O18 -> 0.11121013 | AG18: =IF(AE18<0.722,(0.45*(AE18*AE18))+0.424,(2.1*EXP(-1.2*(AE18+0.35)))-(8.9*EXP(-2.2*(AE18+0.35)))+0.92) -> 0.42956546 | AI18: =AC18-X18 -> -49.625313 | AK18: =-(0.5*M18*$AJ$12*AG18*(AC18*AC18)) -> -1.7167869 | AM18: =AK18/('particle parameters'!$B$21/1000) -> -1.7167869 | AO18: =IF(AC18>X18,AC18,X18) -> 86.55007 | AQ18: =IF('vertical grid'!J18=TRUE,1,0) -> 0 | AS18: =AQ18*AO18 -> 0 | AV18: =(Vz!$B$14/1000)*Vz!AK18 -> -1.7436832 | AX18: =IF(AC18>X18,1,0) -> 0
B19: ='RAOB Used for Calcs'!C19 -> 1465 | D19: =B19-B18 -> 82 | F19: =IF(D19>0,D19/O19,0) -> 0.24696792 | I19: 0.6 | K19: =IF(Q19<0.722,(0.45*(Q19*Q19))+0.424,(2.1*EXP(-1.2*(Q19+0.35)))-(8.9*EXP(-2.2*(Q19+0.35)))+0.92) -> 0.44676837 | M19: ='P,T'!J19 -> 1.0793354 | O19: =331.3*(SQRT((1+('P,T'!D19/273.15)))) -> 332.02693 | Q19: =V19/O19 -> 0.22493637 | S19: =X19/O19 -> 0.26067183 | T19: 9.81 | U19: m/s2 | V19: =IF('RAOB Used for Calcs'!N19=1,((2*$T$16*$T$19)/(M19*$T$22*I19))^(1/2),0) -> 74.684935 | X19: =IF('RAOB Used for Calcs'!N19=1,((2*$T$16*$T$19)/(M19*$T$22*K19))^(1/2),0) -> 86.55007 | Z19: =X19*2.23693629 -> 193.60699 | AC19: =IF('RAOB Used for Calcs'!L19=1,('particle parameters'!$B$25*ABS('particle parameters'!$B$30)),(AC20+(AM20*'vertical grid'!H20))) -> 36.924757 | AE19: =AC19/O19 -> 0.11121013 | AG19: =IF(AE19<0.722,(0.45*(AE19*AE19))+0.424,(2.1*EXP(-1.2*(AE19+0.35)))-(8.9*EXP(-2.2*(AE19+0.35)))+0.92) -> 0.42956546 | AI19: =AC19-X19 -> -49.625313 | AK19: =-(0.5*M19*$AJ$12*AG19*(AC19*AC19)) -> -1.7167869 | AM19: =AK19/('particle parameters'!$B$21/1000) -> -1.7167869 | AO19: =IF(AC19>X19,AC19,X19) -> 86.55007 | AQ19: =IF('vertical grid'!J19=TRUE,1,0) -> 0 | AS19: =AQ19*AO19 -> 0 | AV19: =(Vz!$B$14/1000)*Vz!AK19 -> -1.7436832 | AX19: =IF(AC19>X19,1,0) -> 0
B20: ='RAOB Used for Calcs'!C20 -> 1484.6667 | D20: =B20-B19 -> 19.666667 | F20: =IF(D20>0,D20/O20,0) -> 0.05927537 | I20: 0.6 | K20: =IF(Q20<0.722,(0.45*(Q20*Q20))+0.424,(2.1*EXP(-1.2*(Q20+0.35)))-(8.9*EXP(-2.2*(Q20+0.35)))+0.92) -> 0.44693566 | M20: ='P,T'!J20 -> 1.073027 | O20: =331.3*(SQRT((1+('P,T'!D20/273.15)))) -> 331.7848 | Q20: =V20/O20 -> 0.22576124 | S20: =X20/O20 -> 0.26157878 | V20: =IF('RAOB Used for Calcs'!N20=1,((2*$T$16*$T$19)/(M20*$T$22*I20))^(1/2),0) -> 74.904149 | X20: =IF('RAOB Used for Calcs'!N20=1,((2*$T$16*$T$19)/(M20*$T$22*K20))^(1/2),0) -> 86.787863 | Z20: =X20*2.23693629 -> 194.13892 | AC20: =IF('RAOB Used for Calcs'!L20=1,('particle parameters'!$B$25*ABS('particle parameters'!$B$30)),(AC21+(AM21*'vertical grid'!H21))) -> 36.924757 | AE20: =AC20/O20 -> 0.11129129 | AG20: =IF(AE20<0.722,(0.45*(AE20*AE20))+0.424,(2.1*EXP(-1.2*(AE20+0.35)))-(8.9*EXP(-2.2*(AE20+0.35)))+0.92) -> 0.42957359 | AI20: =AC20-X20 -> -49.863107 | AK20: =-(0.5*M20*$AJ$12*AG20*(AC20*AC20)) -> -1.7067852 | AM20: =AK20/('particle parameters'!$B$21/1000) -> -1.7067852 | AO20: =IF(AC20>X20,AC20,X20) -> 86.787863 | AQ20: =IF('vertical grid'!J20=TRUE,1,0) -> 0 | AS20: =AQ20*AO20 -> 0 | AV20: =(Vz!$B$14/1000)*Vz!AK20 -> -1.7335248 | AX20: =IF(AC20>X20,1,0) -> 0
B21: ='RAOB Used for Calcs'!C21 -> 1504.3333 | D21: =B21-B20 -> 19.666667 | F21: =IF(D21>0,D21/O21,0) -> 0.05927537 | I21: 0.6 | K21: =IF(Q21<0.722,(0.45*(Q21*Q21))+0.424,(2.1*EXP(-1.2*(Q21+0.35)))-(8.9*EXP(-2.2*(Q21+0.35)))+0.92) -> 0.44693566 | M21: ='P,T'!J21 -> 1.073027 | O21: =331.3*(SQRT((1+('P,T'!D21/273.15)))) -> 331.7848 | Q21: =V21/O21 -> 0.22576124 | S21: =X21/O21 -> 0.26157878 | T21: cross section | V21: =IF('RAOB Used for Calcs'!N21=1,((2*$T$16*$T$19)/(M21*$T$22*I21))^(1/2),0) -> 74.904149 | X21: =IF('RAOB Used for Calcs'!N21=1,((2*$T$16*$T$19)/(M21*$T$22*K21))^(1/2),0) -> 86.787863 | Z21: =X21*2.23693629 -> 194.13892 | AC21: =IF('RAOB Used for Calcs'!L21=1,('particle parameters'!$B$25*ABS('particle parameters'!$B$30)),(AC22+(AM22*'vertical grid'!H22))) -> 36.924757 | AE21: =AC21/O21 -> 0.11129129 | AG21: =IF(AE21<0.722,(0.45*(AE21*AE21))+0.424,(2.1*EXP(-1.2*(AE21+0.35)))-(8.9*EXP(-2.2*(AE21+0.35)))+0.92) -> 0.42957359 | AI21: =AC21-X21 -> -49.863107 | AK21: =-(0.5*M21*$AJ$12*AG21*(AC21*AC21)) -> -1.7067852 | AM21: =AK21/('particle parameters'!$B$21/1000) -> -1.7067852 | AO21: =IF(AC21>X21,AC21,X21) -> 86.787863 | AQ21: =IF('vertical grid'!J21=TRUE,1,0) -> 0 | AS21: =AQ21*AO21 -> 0 | AV21: =(Vz!$B$14/1000)*Vz!AK21 -> -1.7335248 | AX21: =IF(AC21>X21,1,0) -> 0
B22: ='RAOB Used for Calcs'!C22 -> 1524 | D22: =B22-B21 -> 19.666667 | F22: =IF(D22>0,D22/O22,0) -> 0.05927537 | I22: 0.6 | K22: =IF(Q22<0.722,(0.45*(Q22*Q22))+0.424,(2.1*EXP(-1.2*(Q22+0.35)))-(8.9*EXP(-2.2*(Q22+0.35)))+0.92) -> 0.44693566 | M22: ='P,T'!J22 -> 1.073027 | O22: =331.3*(SQRT((1+('P,T'!D22/273.15)))) -> 331.7848 | Q22: =V22/O22 -> 0.22576124 | S22: =X22/O22 -> 0.26157878 | T22: ='particle parameters'!F19 -> 0.0054315694 | U22: m2 | V22: =IF('RAOB Used for Calcs'!N22=1,((2*$T$16*$T$19)/(M22*$T$22*I22))^(1/2),0) -> 74.904149 | X22: =IF('RAOB Used for Calcs'!N22=1,((2*$T$16*$T$19)/(M22*$T$22*K22))^(1/2),0) -> 86.787863 | Z22: =X22*2.23693629 -> 194.13892 | AC22: =IF('RAOB Used for Calcs'!L22=1,('particle parameters'!$B$25*ABS('particle parameters'!$B$30)),(AC23+(AM23*'vertical grid'!H23))) -> 36.924757 | AE22: =AC22/O22 -> 0.11129129 | AG22: =IF(AE22<0.722,(0.45*(AE22*AE22))+0.424,(2.1*EXP(-1.2*(AE22+0.35)))-(8.9*EXP(-2.2*(AE22+0.35)))+0.92) -> 0.42957359 | AI22: =AC22-X22 -> -49.863107 | AK22: =-(0.5*M22*$AJ$12*AG22*(AC22*AC22)) -> -1.7067852 | AM22: =AK22/('particle parameters'!$B$21/1000) -> -1.7067852 | AO22: =IF(AC22>X22,AC22,X22) -> 86.787863 | AQ22: =IF('vertical grid'!J22=TRUE,1,0) -> 0 | AS22: =AQ22*AO22 -> 0 | AV22: =(Vz!$B$14/1000)*Vz!AK22 -> -1.7335248 | AX22: =IF(AC22>X22,1,0) -> 0
B23: ='RAOB Used for Calcs'!C23 -> 1625.6667 | D23: =B23-B22 -> 101.66667 | F23: =IF(D23>0,D23/O23,0) -> 0.30777465 | I23: 0.6 | K23: =IF(Q23<0.722,(0.45*(Q23*Q23))+0.424,(2.1*EXP(-1.2*(Q23+0.35)))-(8.9*EXP(-2.2*(Q23+0.35)))+0.92) -> 0.44782801 | M23: ='P,T'!J23 -> 1.041971 | O23: =331.3*(SQRT((1+('P,T'!D23/273.15)))) -> 330.32827 | Q23: =V23/O23 -> 0.23011115 | S23: =X23/O23 -> 0.26635304 | V23: =IF('RAOB Used for Calcs'!N23=1,((2*$T$16*$T$19)/(M23*$T$22*I23))^(1/2),0) -> 76.012216 | X23: =IF('RAOB Used for Calcs'!N23=1,((2*$T$16*$T$19)/(M23*$T$22*K23))^(1/2),0) -> 87.983937 | Z23: =X23*2.23693629 -> 196.81446 | AC23: =IF('RAOB Used for Calcs'!L23=1,('particle parameters'!$B$25*ABS('particle parameters'!$B$30)),(AC24+(AM24*'vertical grid'!H24))) -> 36.924757 | AE23: =AC23/O23 -> 0.11178201 | AG23: =IF(AE23<0.722,(0.45*(AE23*AE23))+0.424,(2.1*EXP(-1.2*(AE23+0.35)))-(8.9*EXP(-2.2*(AE23+0.35)))+0.92) -> 0.42962285 | AI23: =AC23-X23 -> -51.05918 | AK23: =-(0.5*M23*$AJ$12*AG23*(AC23*AC23)) -> -1.6575767 | AM23: =AK23/('particle parameters'!$B$21/1000) -> -1.6575767 | AO23: =IF(AC23>X23,AC23,X23) -> 87.983937 | AQ23: =IF('vertical grid'!J23=TRUE,1,0) -> 0 | AS23: =AQ23*AO23 -> 0 | AV23: =(Vz!$B$14/1000)*Vz!AK23 -> -1.6835454 | AX23: =IF(AC23>X23,1,0) -> 0
B24: ='RAOB Used for Calcs'!C24 -> 1727.3333 | D24: =B24-B23 -> 101.66667 | F24: =IF(D24>0,D24/O24,0) -> 0.30777465 | I24: 0.6 | K24: =IF(Q24<0.722,(0.45*(Q24*Q24))+0.424,(2.1*EXP(-1.2*(Q24+0.35)))-(8.9*EXP(-2.2*(Q24+0.35)))+0.92) -> 0.44782801 | M24: ='P,T'!J24 -> 1.041971 | O24: =331.3*(SQRT((1+('P,T'!D24/273.15)))) -> 330.32827 | Q24: =V24/O24 -> 0.23011115 | S24: =X24/O24 -> 0.26635304 | V24: =IF('RAOB Used for Calcs'!N24=1,((2*$T$16*$T$19)/(M24*$T$22*I24))^(1/2),0) -> 76.012216 | X24: =IF('RAOB Used for Calcs'!N24=1,((2*$T$16*$T$19)/(M24*$T$22*K24))^(1/2),0) -> 87.983937 | Z24: =X24*2.23693629 -> 196.81446 | AC24: =IF('RAOB Used for Calcs'!L24=1,('particle parameters'!$B$25*ABS('particle parameters'!$B$30)),(AC25+(AM25*'vertical grid'!H25))) -> 36.924757 | AE24: =AC24/O24 -> 0.11178201 | AG24: =IF(AE24<0.722,(0.45*(AE24*AE24))+0.424,(2.1*EXP(-1.2*(AE24+0.35)))-(8.9*EXP(-2.2*(AE24+0.35)))+0.92) -> 0.42962285 | AI24: =AC24-X24 -> -51.05918 | AK24: =-(0.5*M24*$AJ$12*AG24*(AC24*AC24)) -> -1.6575767 | AM24: =AK24/('particle parameters'!$B$21/1000) -> -1.6575767 | AO24: =IF(AC24>X24,AC24,X24) -> 87.983937 | AQ24: =IF('vertical grid'!J24=TRUE,1,0) -> 0 | AS24: =AQ24*AO24 -> 0 | AV24: =(Vz!$B$14/1000)*Vz!AK24 -> -1.6835454 | AX24: =IF(AC24>X24,1,0) -> 0
B25: ='RAOB Used for Calcs'!C25 -> 1829 | D25: =B25-B24 -> 101.66667 | F25: =IF(D25>0,D25/O25,0) -> 0.30777465 | I25: 0.6 | K25: =IF(Q25<0.722,(0.45*(Q25*Q25))+0.424,(2.1*EXP(-1.2*(Q25+0.35)))-(8.9*EXP(-2.2*(Q25+0.35)))+0.92) -> 0.44782801 | M25: ='P,T'!J25 -> 1.041971 | O25: =331.3*(SQRT((1+('P,T'!D25/273.15)))) -> 330.32827 | Q25: =V25/O25 -> 0.23011115 | S25: =X25/O25 -> 0.26635304 | V25: =IF('RAOB Used for Calcs'!N25=1,((2*$T$16*$T$19)/(M25*$T$22*I25))^(1/2),0) -> 76.012216 | X25: =IF('RAOB Used for Calcs'!N25=1,((2*$T$16*$T$19)/(M25*$T$22*K25))^(1/2),0) -> 87.983937 | Z25: =X25*2.23693629 -> 196.81446 | AC25: =IF('RAOB Used for Calcs'!L25=1,('particle parameters'!$B$25*ABS('particle parameters'!$B$30)),(AC26+(AM26*'vertical grid'!H26))) -> 36.924757 | AE25: =AC25/O25 -> 0.11178201 | AG25: =IF(AE25<0.722,(0.45*(AE25*AE25))+0.424,(2.1*EXP(-1.2*(AE25+0.35)))-(8.9*EXP(-2.2*(AE25+0.35)))+0.92) -> 0.42962285 | AI25: =AC25-X25 -> -51.05918 | AK25: =-(0.5*M25*$AJ$12*AG25*(AC25*AC25)) -> -1.6575767 | AM25: =AK25/('particle parameters'!$B$21/1000) -> -1.6575767 | AO25: =IF(AC25>X25,AC25,X25) -> 87.983937 | AQ25: =IF('vertical grid'!J25=TRUE,1,0) -> 0 | AS25: =AQ25*AO25 -> 0 | AV25: =(Vz!$B$14/1000)*Vz!AK25 -> -1.6835454 | AX25: =IF(AC25>X25,1,0) -> 0
B26: ='RAOB Used for Calcs'!C26 -> 1859.3333 | D26: =B26-B25 -> 30.333333 | F26: =IF(D26>0,D26/O26,0) -> 0.091946433 | I26: 0.6 | K26: =IF(Q26<0.722,(0.45*(Q26*Q26))+0.424,(2.1*EXP(-1.2*(Q26+0.35)))-(8.9*EXP(-2.2*(Q26+0.35)))+0.92) -> 0.44810101 | M26: ='P,T'!J26 -> 1.0328307 | O26: =331.3*(SQRT((1+('P,T'!D26/273.15)))) -> 329.90223 | Q26: =V26/O26 -> 0.23142559 | S26: =X26/O26 -> 0.26779289 | V26: =IF('RAOB Used for Calcs'!N26=1,((2*$T$16*$T$19)/(M26*$T$22*I26))^(1/2),0) -> 76.347819 | X26: =IF('RAOB Used for Calcs'!N26=1,((2*$T$16*$T$19)/(M26*$T$22*K26))^(1/2),0) -> 88.345472 | Z26: =X26*2.23693629 -> 197.62319 | AC26: =IF('RAOB Used for Calcs'!L26=1,('particle parameters'!$B$25*ABS('particle parameters'!$B$30)),(AC27+(AM27*'vertical grid'!H27))) -> 36.924757 | AE26: =AC26/O26 -> 0.11192636 | AG26: =IF(AE26<0.722,(0.45*(AE26*AE26))+0.424,(2.1*EXP(-1.2*(AE26+0.35)))-(8.9*EXP(-2.2*(AE26+0.35)))+0.92) -> 0.42963738 | AI26: =AC26-X26 -> -51.420715 | AK26: =-(0.5*M26*$AJ$12*AG26*(AC26*AC26)) -> -1.6430919 | AM26: =AK26/('particle parameters'!$B$21/1000) -> -1.6430919 | AO26: =IF(AC26>X26,AC26,X26) -> 88.345472 | AQ26: =IF('vertical grid'!J26=TRUE,1,0) -> 0 | AS26: =AQ26*AO26 -> 0 | AV26: =(Vz!$B$14/1000)*Vz!AK26 -> -1.6688336 | AX26: =IF(AC26>X26,1,0) -> 0
B27: ='RAOB Used for Calcs'!C27 -> 1889.6667 | D27: =B27-B26 -> 30.333333 | F27: =IF(D27>0,D27/O27,0) -> 0.091946433 | I27: 0.6 | K27: =IF(Q27<0.722,(0.45*(Q27*Q27))+0.424,(2.1*EXP(-1.2*(Q27+0.35)))-(8.9*EXP(-2.2*(Q27+0.35)))+0.92) -> 0.44810101 | M27: ='P,T'!J27 -> 1.0328307 | O27: =331.3*(SQRT((1+('P,T'!D27/273.15)))) -> 329.90223 | Q27: =V27/O27 -> 0.23142559 | S27: =X27/O27 -> 0.26779289 | V27: =IF('RAOB Used for Calcs'!N27=1,((2*$T$16*$T$19)/(M27*$T$22*I27))^(1/2),0) -> 76.347819 | X27: =IF('RAOB Used for Calcs'!N27=1,((2*$T$16*$T$19)/(M27*$T$22*K27))^(1/2),0) -> 88.345472 | Z27: =X27*2.23693629 -> 197.62319 | AC27: =IF('RAOB Used for Calcs'!L27=1,('particle parameters'!$B$25*ABS('particle parameters'!$B$30)),(AC28+(AM28*'vertical grid'!H28))) -> 36.924757 | AE27: =AC27/O27 -> 0.11192636 | AG27: =IF(AE27<0.722,(0.45*(AE27*AE27))+0.424,(2.1*EXP(-1.2*(AE27+0.35)))-(8.9*EXP(-2.2*(AE27+0.35)))+0.92) -> 0.42963738 | AI27: =AC27-X27 -> -51.420715 | AK27: =-(0.5*M27*$AJ$12*AG27*(AC27*AC27)) -> -1.6430919 | AM27: =AK27/('particle parameters'!$B$21/1000) -> -1.6430919 | AO27: =IF(AC27>X27,AC27,X27) -> 88.345472 | AQ27: =IF('vertical grid'!J27=TRUE,1,0) -> 0 | AS27: =AQ27*AO27 -> 0 | AV27: =(Vz!$B$14/1000)*Vz!AK27 -> -1.6688336 | AX27: =IF(AC27>X27,1,0) -> 0
B28: ='RAOB Used for Calcs'!C28 -> 1920 | D28: =B28-B27 -> 30.333333 | F28: =IF(D28>0,D28/O28,0) -> 0.091946433 | I28: 0.6 | K28: =IF(Q28<0.722,(0.45*(Q28*Q28))+0.424,(2.1*EXP(-1.2*(Q28+0.35)))-(8.9*EXP(-2.2*(Q28+0.35)))+0.92) -> 0.44810101 | M28: ='P,T'!J28 -> 1.0328307 | O28: =331.3*(SQRT((1+('P,T'!D28/273.15)))) -> 329.90223 | Q28: =V28/O28 -> 0.23142559 | S28: =X28/O28 -> 0.26779289 | V28: =IF('RAOB Used for Calcs'!N28=1,((2*$T$16*$T$19)/(M28*$T$22*I28))^(1/2),0) -> 76.347819 | X28: =IF('RAOB Used for Calcs'!N28=1,((2*$T$16*$T$19)/(M28*$T$22*K28))^(1/2),0) -> 88.345472 | Z28: =X28*2.23693629 -> 197.62319 | AC28: =IF('RAOB Used for Calcs'!L28=1,('particle parameters'!$B$25*ABS('particle parameters'!$B$30)),(AC29+(AM29*'vertical grid'!H29))) -> 36.924757 | AE28: =AC28/O28 -> 0.11192636 | AG28: =IF(AE28<0.722,(0.45*(AE28*AE28))+0.424,(2.1*EXP(-1.2*(AE28+0.35)))-(8.9*EXP(-2.2*(AE28+0.35)))+0.92) -> 0.42963738 | AI28: =AC28-X28 -> -51.420715 | AK28: =-(0.5*M28*$AJ$12*AG28*(AC28*AC28)) -> -1.6430919 | AM28: =AK28/('particle parameters'!$B$21/1000) -> -1.6430919 | AO28: =IF(AC28>X28,AC28,X28) -> 88.345472 | AQ28: =IF('vertical grid'!J28=TRUE,1,0) -> 0 | AS28: =AQ28*AO28 -> 0 | AV28: =(Vz!$B$14/1000)*Vz!AK28 -> -1.6688336 | AX28: =IF(AC28>X28,1,0) -> 0
B29: ='RAOB Used for Calcs'!C29 -> 1930 | D29: =B29-B28 -> 10 | F29: =IF(D29>0,D29/O29,0) -> 0.030312011 | I29: 0.6 | K29: =IF(Q29<0.722,(0.45*(Q29*Q29))+0.424,(2.1*EXP(-1.2*(Q29+0.35)))-(8.9*EXP(-2.2*(Q29+0.35)))+0.92) -> 0.44819139 | M29: ='P,T'!J29 -> 1.0289721 | O29: =331.3*(SQRT((1+('P,T'!D29/273.15)))) -> 329.90223 | Q29: =V29/O29 -> 0.23185911 | S29: =X29/O29 -> 0.26826748 | V29: =IF('RAOB Used for Calcs'!N29=1,((2*$T$16*$T$19)/(M29*$T$22*I29))^(1/2),0) -> 76.490837 | X29: =IF('RAOB Used for Calcs'!N29=1,((2*$T$16*$T$19)/(M29*$T$22*K29))^(1/2),0) -> 88.50204 | Z29: =X29*2.23693629 -> 197.97343 | AC29: =IF('RAOB Used for Calcs'!L29=1,('particle parameters'!$B$25*ABS('particle parameters'!$B$30)),(AC30+(AM30*'vertical grid'!H30))) -> 36.924757 | AE29: =AC29/O29 -> 0.11192636 | AG29: =IF(AE29<0.722,(0.45*(AE29*AE29))+0.424,(2.1*EXP(-1.2*(AE29+0.35)))-(8.9*EXP(-2.2*(AE29+0.35)))+0.92) -> 0.42963738 | AI29: =AC29-X29 -> -51.577283 | AK29: =-(0.5*M29*$AJ$12*AG29*(AC29*AC29)) -> -1.6369533 | AM29: =AK29/('particle parameters'!$B$21/1000) -> -1.6369533 | AO29: =IF(AC29>X29,AC29,X29) -> 88.50204 | AQ29: =IF('vertical grid'!J29=TRUE,1,0) -> 0 | AS29: =AQ29*AO29 -> 0 | AV29: =(Vz!$B$14/1000)*Vz!AK29 -> -1.6625989 | AX29: =IF(AC29>X29,1,0) -> 0
B30: ='RAOB Used for Calcs'!C30 -> 1940 | D30: =B30-B29 -> 10 | F30: =IF(D30>0,D30/O30,0) -> 0.030312011 | I30: 0.6 | K30: =IF(Q30<0.722,(0.45*(Q30*Q30))+0.424,(2.1*EXP(-1.2*(Q30+0.35)))-(8.9*EXP(-2.2*(Q30+0.35)))+0.92) -> 0.44819139 | M30: ='P,T'!J30 -> 1.0289721 | O30: =331.3*(SQRT((1+('P,T'!D30/273.15)))) -> 329.90223 | Q30: =V30/O30 -> 0.23185911 | S30: =X30/O30 -> 0.26826748 | V30: =IF('RAOB Used for Calcs'!N30=1,((2*$T$16*$T$19)/(M30*$T$22*I30))^(1/2),0) -> 76.490837 | X30: =IF('RAOB Used for Calcs'!N30=1,((2*$T$16*$T$19)/(M30*$T$22*K30))^(1/2),0) -> 88.50204 | Z30: =X30*2.23693629 -> 197.97343 | AC30: =IF('RAOB Used for Calcs'!L30=1,('particle parameters'!$B$25*ABS('particle parameters'!$B$30)),(AC31+(AM31*'vertical grid'!H31))) -> 36.924757 | AE30: =AC30/O30 -> 0.11192636 | AG30: =IF(AE30<0.722,(0.45*(AE30*AE30))+0.424,(2.1*EXP(-1.2*(AE30+0.35)))-(8.9*EXP(-2.2*(AE30+0.35)))+0.92) -> 0.42963738 | AI30: =AC30-X30 -> -51.577283 | AK30: =-(0.5*M30*$AJ$12*AG30*(AC30*AC30)) -> -1.6369533 | AM30: =AK30/('particle parameters'!$B$21/1000) -> -1.6369533 | AO30: =IF(AC30>X30,AC30,X30) -> 88.50204 | AQ30: =IF('vertical grid'!J30=TRUE,1,0) -> 0 | AS30: =AQ30*AO30 -> 0 | AV30: =(Vz!$B$14/1000)*Vz!AK30 -> -1.6625989 | AX30: =IF(AC30>X30,1,0) -> 0
B31: ='RAOB Used for Calcs'!C31 -> 1950 | D31: =B31-B30 -> 10 | F31: =IF(D31>0,D31/O31,0) -> 0.030312011 | I31: 0.6 | K31: =IF(Q31<0.722,(0.45*(Q31*Q31))+0.424,(2.1*EXP(-1.2*(Q31+0.35)))-(8.9*EXP(-2.2*(Q31+0.35)))+0.92) -> 0.44819139 | M31: ='P,T'!J31 -> 1.0289721 | O31: =331.3*(SQRT((1+('P,T'!D31/273.15)))) -> 329.90223 | Q31: =V31/O31 -> 0.23185911 | S31: =X31/O31 -> 0.26826748 | V31: =IF('RAOB Used for Calcs'!N31=1,((2*$T$16*$T$19)/(M31*$T$22*I31))^(1/2),0) -> 76.490837 | X31: =IF('RAOB Used for Calcs'!N31=1,((2*$T$16*$T$19)/(M31*$T$22*K31))^(1/2),0) -> 88.50204 | Z31: =X31*2.23693629 -> 197.97343 | AC31: =IF('RAOB Used for Calcs'!L31=1,('particle parameters'!$B$25*ABS('particle parameters'!$B$30)),(AC32+(AM32*'vertical grid'!H32))) -> 36.924757 | AE31: =AC31/O31 -> 0.11192636 | AG31: =IF(AE31<0.722,(0.45*(AE31*AE31))+0.424,(2.1*EXP(-1.2*(AE31+0.35)))-(8.9*EXP(-2.2*(AE31+0.35)))+0.92) -> 0.42963738 | AI31: =AC31-X31 -> -51.577283 | AK31: =-(0.5*M31*$AJ$12*AG31*(AC31*AC31)) -> -1.6369533 | AM31: =AK31/('particle parameters'!$B$21/1000) -> -1.6369533 | AO31: =IF(AC31>X31,AC31,X31) -> 88.50204 | AQ31: =IF('vertical grid'!J31=TRUE,1,0) -> 0 | AS31: =AQ31*AO31 -> 0 | AV31: =(Vz!$B$14/1000)*Vz!AK31 -> -1.6625989 | AX31: =IF(AC31>X31,1,0) -> 0
B32: ='RAOB Used for Calcs'!C32 -> 1983 | D32: =B32-B31 -> 33 | F32: =IF(D32>0,D32/O32,0) -> 0.10010358 | I32: 0.6 | K32: =IF(Q32<0.722,(0.45*(Q32*Q32))+0.424,(2.1*EXP(-1.2*(Q32+0.35)))-(8.9*EXP(-2.2*(Q32+0.35)))+0.92) -> 0.44849761 | M32: ='P,T'!J32 -> 1.0176128 | O32: =331.3*(SQRT((1+('P,T'!D32/273.15)))) -> 329.65854 | Q32: =V32/O32 -> 0.23332195 | S32: =X32/O32 -> 0.26986786 | V32: =IF('RAOB Used for Calcs'!N32=1,((2*$T$16*$T$19)/(M32*$T$22*I32))^(1/2),0) -> 76.916574 | X32: =IF('RAOB Used for Calcs'!N32=1,((2*$T$16*$T$19)/(M32*$T$22*K32))^(1/2),0) -> 88.964244 | Z32: =X32*2.23693629 -> 199.00735 | AC32: =IF('RAOB Used for Calcs'!L32=1,('particle parameters'!$B$25*ABS('particle parameters'!$B$30)),(AC33+(AM33*'vertical grid'!H33))) -> 36.924757 | AE32: =AC32/O32 -> 0.1120091 | AG32: =IF(AE32<0.722,(0.45*(AE32*AE32))+0.424,(2.1*EXP(-1.2*(AE32+0.35)))-(8.9*EXP(-2.2*(AE32+0.35)))+0.92) -> 0.42964572 | AI32: =AC32-X32 -> -52.039487 | AK32: =-(0.5*M32*$AJ$12*AG32*(AC32*AC32)) -> -1.6189136 | AM32: =AK32/('particle parameters'!$B$21/1000) -> -1.6189136 | AO32: =IF(AC32>X32,AC32,X32) -> 88.964244 | AQ32: =IF('vertical grid'!J32=TRUE,1,0) -> 0 | AS32: =AQ32*AO32 -> 0 | AV32: =(Vz!$B$14/1000)*Vz!AK32 -> -1.6442766 | AX32: =IF(AC32>X32,1,0) -> 0
B33: ='RAOB Used for Calcs'!C33 -> 2016 | D33: =B33-B32 -> 33 | F33: =IF(D33>0,D33/O33,0) -> 0.10010358 | I33: 0.6 | K33: =IF(Q33<0.722,(0.45*(Q33*Q33))+0.424,(2.1*EXP(-1.2*(Q33+0.35)))-(8.9*EXP(-2.2*(Q33+0.35)))+0.92) -> 0.44849761 | M33: ='P,T'!J33 -> 1.0176128 | O33: =331.3*(SQRT((1+('P,T'!D33/273.15)))) -> 329.65854 | Q33: =V33/O33 -> 0.23332195 | S33: =X33/O33 -> 0.26986786 | V33: =IF('RAOB Used for Calcs'!N33=1,((2*$T$16*$T$19)/(M33*$T$22*I33))^(1/2),0) -> 76.916574 | X33: =IF('RAOB Used for Calcs'!N33=1,((2*$T$16*$T$19)/(M33*$T$22*K33))^(1/2),0) -> 88.964244 | Z33: =X33*2.23693629 -> 199.00735 | AC33: =IF('RAOB Used for Calcs'!L33=1,('particle parameters'!$B$25*ABS('particle parameters'!$B$30)),(AC34+(AM34*'vertical grid'!H34))) -> 36.924757 | AE33: =AC33/O33 -> 0.1120091 | AG33: =IF(AE33<0.722,(0.45*(AE33*AE33))+0.424,(2.1*EXP(-1.2*(AE33+0.35)))-(8.9*EXP(-2.2*(AE33+0.35)))+0.92) -> 0.42964572 | AI33: =AC33-X33 -> -52.039487 | AK33: =-(0.5*M33*$AJ$12*AG33*(AC33*AC33)) -> -1.6189136 | AM33: =AK33/('particle parameters'!$B$21/1000) -> -1.6189136 | AO33: =IF(AC33>X33,AC33,X33) -> 88.964244 | AQ33: =IF('vertical grid'!J33=TRUE,1,0) -> 0 | AS33: =AQ33*AO33 -> 0 | AV33: =(Vz!$B$14/1000)*Vz!AK33 -> -1.6442766 | AX33: =IF(AC33>X33,1,0) -> 0
B34: ='RAOB Used for Calcs'!C34 -> 2049 | D34: =B34-B33 -> 33 | F34: =IF(D34>0,D34/O34,0) -> 0.10010358 | I34: 0.6 | K34: =IF(Q34<0.722,(0.45*(Q34*Q34))+0.424,(2.1*EXP(-1.2*(Q34+0.35)))-(8.9*EXP(-2.2*(Q34+0.35)))+0.92) -> 0.44849761 | M34: ='P,T'!J34 -> 1.0176128 | O34: =331.3*(SQRT((1+('P,T'!D34/273.15)))) -> 329.65854 | Q34: =V34/O34 -> 0.23332195 | S34: =X34/O34 -> 0.26986786 | V34: =IF('RAOB Used for Calcs'!N34=1,((2*$T$16*$T$19)/(M34*$T$22*I34))^(1/2),0) -> 76.916574 | X34: =IF('RAOB Used for Calcs'!N34=1,((2*$T$16*$T$19)/(M34*$T$22*K34))^(1/2),0) -> 88.964244 | Z34: =X34*2.23693629 -> 199.00735 | AC34: =IF('RAOB Used for Calcs'!L34=1,('particle parameters'!$B$25*ABS('particle parameters'!$B$30)),(AC35+(AM35*'vertical grid'!H35))) -> 36.924757 | AE34: =AC34/O34 -> 0.1120091 | AG34: =IF(AE34<0.722,(0.45*(AE34*AE34))+0.424,(2.1*EXP(-1.2*(AE34+0.35)))-(8.9*EXP(-2.2*(AE34+0.35)))+0.92) -> 0.42964572 | AI34: =AC34-X34 -> -52.039487 | AK34: =-(0.5*M34*$AJ$12*AG34*(AC34*AC34)) -> -1.6189136 | AM34: =AK34/('particle parameters'!$B$21/1000) -> -1.6189136 | AO34: =IF(AC34>X34,AC34,X34) -> 88.964244 | AQ34: =IF('vertical grid'!J34=TRUE,1,0) -> 0 | AS34: =AQ34*AO34 -> 0 | AV34: =(Vz!$B$14/1000)*Vz!AK34 -> -1.6442766 | AX34: =IF(AC34>X34,1,0) -> 0
... B600: ='RAOB Used for Calcs'!C600 -> 0 | D600: =B600-B599 -> 0 | F600: =IF(D600>0,D600/O600,0) -> 0 | I600: 0.6 | K600: =IF(Q600<0.722,(0.45*(Q600*Q600))+0.424,(2.1*EXP(-1.2*(Q600+0.35)))-(8.9*EXP(-2.2*(Q600+0.35)))+0.92) -> 0.424 | M600: ='P,T'!J600 -> 0 | O600: =331.3*(SQRT((1+('P,T'!D600/273.15)))) -> 331.3 | Q600: =V600/O600 -> 0 | S600: =X600/O600 -> 0 | V600: =IF('RAOB Used for Calcs'!N600=1,((2*$T$16*$T$19)/(M600*$T$22*I600))^(1/2),0) -> 0 | X600: =IF('RAOB Used for Calcs'!N600=1,((2*$T$16*$T$19)/(M600*$T$22*K600))^(1/2),0) -> 0 | Z600: =X600*2.23693629 -> 0 | AC600: =IF('RAOB Used for Calcs'!L600=1,('particle parameters'!$B$25*ABS('particle parameters'!$B$30)),(AC601+(AM601*'vertical grid'!H601))) -> 0 | AE600: =AC600/O600 -> 0 | AG600: =IF(AE600<0.722,(0.45*(AE600*AE600))+0.424,(2.1*EXP(-1.2*(AE600+0.35)))-(8.9*EXP(-2.2*(AE600+0.35)))+0.92) -> 0.424 | AI600: =AC600-X600 -> 0 | AK600: =-(0.5*M600*$AJ$12*AG600*(AC600*AC600)) -> 0 | AM600: =AK600/('particle parameters'!$B$21/1000) -> 0 | AO600: =IF(AC600>X600,AC600,X600) -> 0 | AQ600: =IF('vertical grid'!J600=TRUE,1,0) -> 0 | AS600: =AQ600*AO600 -> 0 | AV600: =(Vz!$B$14/1000)*Vz!AK600 -> 0 | AX600: =IF(AC600>X600,1,0) -> 0

Sheet wind velocity
A1: altitude | B1: ='RAOB Used for Calcs'!C1 -> 229 | C1: Wind Speed (m/s) | D1: =IF(B1=0,B1/0,'RAOB Used for Calcs'!G1/10) -> 6.68772 | E1: Wind direction | F1: ='RAOB Used for Calcs'!F1 -> 330 | G1: Vector wind component (x) | H1: =COS(RADIANS(F1+90))*(D1) -> 3.34386 | I1: Smoothed X | J1: =AVERAGE(H1:H2) -> 3.34386 | K1: Vector wind component (y) | L1: =SIN(RADIANS(F1-90))*(D1) -> -5.7917354 | M1: Smoothed Y | N1: =AVERAGE(L1:L2) -> -5.7917354
A2: (m) | B2: ='RAOB Used for Calcs'!C2 -> 254.33333 | D2: =IF(B2=0,0,'RAOB Used for Calcs'!G2/10) -> 6.68772 | F2: ='RAOB Used for Calcs'!F2 -> 330 | G2: (m/s) | H2: =COS(RADIANS(F2+90))*(D2) -> 3.34386 | J2: =AVERAGE(H1:H3) -> 3.34386 | K2: (m/s) | L2: =SIN(RADIANS(F2-90))*(D2) -> -5.7917354 | N2: =IF(L2=0,0,IF(L3>0,AVERAGE(L1:L3),AVERAGE(L1:L2))) -> -5.7917354
B3: ='RAOB Used for Calcs'!C3 -> 279.66667 | D3: =IF(B3=0,0,'RAOB Used for Calcs'!G3/10) -> 6.68772 | F3: ='RAOB Used for Calcs'!F3 -> 330 | H3: =COS(RADIANS(F3+90))*(D3) -> 3.34386 | I3: Average of 3 nearest | J3: =IF(H3=0,0,IF(H4>0,AVERAGE(H2:H4),AVERAGE(H2:H3))) -> 3.34386 | L3: =SIN(RADIANS(F3-90))*(D3) -> -5.7917354 | N3: =IF(L3=0,0,IF(L4>0,AVERAGE(L2:L4),AVERAGE(L2:L3))) -> -5.7917354
B4: ='RAOB Used for Calcs'!C4 -> 305 | D4: =IF(B4=0,0,'RAOB Used for Calcs'!G4/10) -> 6.68772 | F4: ='RAOB Used for Calcs'!F4 -> 330 | G4: X = cos (a)*V | H4: =COS(RADIANS(F4+90))*(D4) -> 3.34386 | J4: =IF(H4=0,0,IF(H5>0,AVERAGE(H3:H5),AVERAGE(H3:H4))) -> 3.8826183 | K4: Y = sin (a)*V | L4: =SIN(RADIANS(F4-90))*(D4) -> -5.7917354 | N4: =IF(L4=0,0,IF(L5>0,AVERAGE(L3:L5),AVERAGE(L3:L4))) -> -5.7917354
B5: ='RAOB Used for Calcs'!C5 -> 406.66667 | D5: =IF(B5=0,0,'RAOB Used for Calcs'!G5/10) -> 7.7166 | F5: ='RAOB Used for Calcs'!F5 -> 320 | H5: =COS(RADIANS(F5+90))*(D5) -> 4.9601349 | J5: =IF(H5=0,0,IF(H6>0,AVERAGE(H4:H6),AVERAGE(H4:H5))) -> 4.4213766 | L5: =SIN(RADIANS(F5-90))*(D5) -> -5.9112585 | N5: =IF(L5=0,0,IF(L6>0,AVERAGE(L4:L6),AVERAGE(L4:L5))) -> -5.851497
B6: ='RAOB Used for Calcs'!C6 -> 508.33333 | D6: =IF(B6=0,0,'RAOB Used for Calcs'!G6/10) -> 7.7166 | F6: ='RAOB Used for Calcs'!F6 -> 320 | G6: a = compass heading in degrees | H6: =COS(RADIANS(F6+90))*(D6) -> 4.9601349 | J6: =IF(H6=0,0,IF(H7>0,AVERAGE(H5:H7),AVERAGE(H5:H6))) -> 4.9601349 | K6: a = compass heading in degrees | L6: =SIN(RADIANS(F6-90))*(D6) -> -5.9112585 | N6: =IF(L6=0,0,IF(L7>0,AVERAGE(L5:L7),AVERAGE(L5:L6))) -> -5.9112585
B7: ='RAOB Used for Calcs'!C7 -> 610 | D7: =IF(B7=0,0,'RAOB Used for Calcs'!G7/10) -> 7.7166 | F7: ='RAOB Used for Calcs'!F7 -> 320 | G7: (use RADIANS to convert to degrees) | H7: =COS(RADIANS(F7+90))*(D7) -> 4.9601349 | J7: =IF(H7=0,0,IF(H8>0,AVERAGE(H6:H8),AVERAGE(H6:H7))) -> 5.1255766 | K7: (use RADIANS to convert to degrees) | L7: =SIN(RADIANS(F7-90))*(D7) -> -5.9112585 | N7: =IF(L7=0,0,IF(L8>0,AVERAGE(L6:L8),AVERAGE(L6:L7))) -> -5.9112585
B8: ='RAOB Used for Calcs'!C8 -> 665.33333 | D8: =IF(B8=0,0,'RAOB Used for Calcs'!G8/10) -> 7.7166 | F8: ='RAOB Used for Calcs'!F8 -> 315 | G8: V = wind velocity | H8: =COS(RADIANS(F8+90))*(D8) -> 5.4564602 | J8: =IF(H8=0,0,IF(H9>0,AVERAGE(H7:H9),AVERAGE(H7:H8))) -> 5.2910184 | K8: V = wind velocity | L8: =SIN(RADIANS(F8-90))*(D8) -> -5.4564602 | N8: =IF(L8=0,0,IF(L9>0,AVERAGE(L7:L9),AVERAGE(L7:L8))) -> -5.6838594
B9: ='RAOB Used for Calcs'!C9 -> 720.66667 | D9: =IF(B9=0,0,'RAOB Used for Calcs'!G9/10) -> 7.7166 | F9: ='RAOB Used for Calcs'!F9 -> 315 | H9: =COS(RADIANS(F9+90))*(D9) -> 5.4564602 | J9: =IF(H9=0,0,IF(H10>0,AVERAGE(H8:H10),AVERAGE(H8:H9))) -> 5.4564602 | L9: =SIN(RADIANS(F9-90))*(D9) -> -5.4564602 | N9: =IF(L9=0,0,IF(L10>0,AVERAGE(L8:L10),AVERAGE(L8:L9))) -> -5.4564602
B10: ='RAOB Used for Calcs'!C10 -> 776 | D10: =IF(B10=0,0,'RAOB Used for Calcs'!G10/10) -> 7.7166 | F10: ='RAOB Used for Calcs'!F10 -> 315 | H10: =COS(RADIANS(F10+90))*(D10) -> 5.4564602 | J10: =IF(H10=0,0,IF(H11>0,AVERAGE(H9:H11),AVERAGE(H9:H10))) -> 5.6080596 | L10: =SIN(RADIANS(F10-90))*(D10) -> -5.4564602 | N10: =IF(L10=0,0,IF(L11>0,AVERAGE(L9:L11),AVERAGE(L9:L10))) -> -5.4564602
B11: ='RAOB Used for Calcs'!C11 -> 822 | D11: =IF(B11=0,0,'RAOB Used for Calcs'!G11/10) -> 7.7166 | F11: ='RAOB Used for Calcs'!F11 -> 310 | H11: =COS(RADIANS(F11+90))*(D11) -> 5.9112585 | J11: =IF(H11=0,0,IF(H12>0,AVERAGE(H10:H12),AVERAGE(H10:H11))) -> 5.7596591 | L11: =SIN(RADIANS(F11-90))*(D11) -> -4.9601349 | N11: =IF(L11=0,0,IF(L12>0,AVERAGE(L10:L12),AVERAGE(L10:L11))) -> -5.2082975
B12: ='RAOB Used for Calcs'!C12 -> 868 | D12: =IF(B12=0,0,'RAOB Used for Calcs'!G12/10) -> 7.7166 | F12: ='RAOB Used for Calcs'!F12 -> 310 | H12: =COS(RADIANS(F12+90))*(D12) -> 5.9112585 | J12: =IF(H12=0,0,IF(H13>0,AVERAGE(H11:H13),AVERAGE(H11:H12))) -> 5.9112585 | L12: =SIN(RADIANS(F12-90))*(D12) -> -4.9601349 | N12: =IF(L12=0,0,IF(L13>0,AVERAGE(L11:L13),AVERAGE(L11:L12))) -> -4.9601349
B13: ='RAOB Used for Calcs'!C13 -> 914 | D13: =IF(B13=0,0,'RAOB Used for Calcs'!G13/10) -> 7.7166 | F13: ='RAOB Used for Calcs'!F13 -> 310 | H13: =COS(RADIANS(F13+90))*(D13) -> 5.9112585 | J13: =IF(H13=0,0,IF(H14>0,AVERAGE(H12:H14),AVERAGE(H12:H13))) -> 5.9073937 | L13: =SIN(RADIANS(F13-90))*(D13) -> -4.9601349 | N13: =IF(L13=0,0,IF(L14>0,AVERAGE(L12:L14),AVERAGE(L12:L13))) -> -4.9601349
B14: ='RAOB Used for Calcs'!C14 -> 1015.6667 | D14: =IF(B14=0,0,'RAOB Used for Calcs'!G14/10) -> 7.20216 | F14: ='RAOB Used for Calcs'!F14 -> 305 | H14: =COS(RADIANS(F14+90))*(D14) -> 5.8996641 | J14: =IF(H14=0,0,IF(H15>0,AVERAGE(H13:H15),AVERAGE(H13:H14))) -> 5.9035289 | L14: =SIN(RADIANS(F14-90))*(D14) -> -4.1309893 | N14: =IF(L14=0,0,IF(L15>0,AVERAGE(L13:L15),AVERAGE(L13:L14))) -> -4.5455621
B15: ='RAOB Used for Calcs'!C15 -> 1117.3333 | D15: =IF(B15=0,0,'RAOB Used for Calcs'!G15/10) -> 7.20216 | F15: ='RAOB Used for Calcs'!F15 -> 305 | H15: =COS(RADIANS(F15+90))*(D15) -> 5.8996641 | J15: =IF(H15=0,0,IF(H16>0,AVERAGE(H14:H16),AVERAGE(H14:H15))) -> 5.8996641 | L15: =SIN(RADIANS(F15-90))*(D15) -> -4.1309893 | N15: =IF(L15=0,0,IF(L16>0,AVERAGE(L14:L16),AVERAGE(L14:L15))) -> -4.1309893
B16: ='RAOB Used for Calcs'!C16 -> 1219 | D16: =IF(B16=0,0,'RAOB Used for Calcs'!G16/10) -> 7.20216 | F16: ='RAOB Used for Calcs'!F16 -> 305 | H16: =COS(RADIANS(F16+90))*(D16) -> 5.8996641 | J16: =IF(H16=0,0,IF(H17>0,AVERAGE(H15:H17),AVERAGE(H15:H16))) -> 5.8996641 | L16: =SIN(RADIANS(F16-90))*(D16) -> -4.1309893 | N16: =IF(L16=0,0,IF(L17>0,AVERAGE(L15:L17),AVERAGE(L15:L16))) -> -4.1309893
B17: ='RAOB Used for Calcs'!C17 -> 1301 | D17: =IF(B17=0,0,'RAOB Used for Calcs'!G17/10) -> 7.20216 | F17: ='RAOB Used for Calcs'!F17 -> 305 | H17: =COS(RADIANS(F17+90))*(D17) -> 5.8996641 | J17: =IF(H17=0,0,IF(H18>0,AVERAGE(H16:H18),AVERAGE(H16:H17))) -> 5.8996641 | L17: =SIN(RADIANS(F17-90))*(D17) -> -4.1309893 | N17: =IF(L17=0,0,IF(L18>0,AVERAGE(L16:L18),AVERAGE(L16:L17))) -> -4.1309893
B18: ='RAOB Used for Calcs'!C18 -> 1383 | D18: =IF(B18=0,0,'RAOB Used for Calcs'!G18/10) -> 7.20216 | F18: ='RAOB Used for Calcs'!F18 -> 305 | H18: =COS(RADIANS(F18+90))*(D18) -> 5.8996641 | J18: =IF(H18=0,0,IF(H19>0,AVERAGE(H17:H19),AVERAGE(H17:H18))) -> 5.8996641 | L18: =SIN(RADIANS(F18-90))*(D18) -> -4.1309893 | N18: =IF(L18=0,0,IF(L19>0,AVERAGE(L17:L19),AVERAGE(L17:L18))) -> -4.1309893
B19: ='RAOB Used for Calcs'!C19 -> 1465 | D19: =IF(B19=0,0,'RAOB Used for Calcs'!G19/10) -> 7.20216 | F19: ='RAOB Used for Calcs'!F19 -> 305 | H19: =COS(RADIANS(F19+90))*(D19) -> 5.8996641 | J19: =IF(H19=0,0,IF(H20>0,AVERAGE(H18:H20),AVERAGE(H18:H19))) -> 5.8996641 | L19: =SIN(RADIANS(F19-90))*(D19) -> -4.1309893 | N19: =IF(L19=0,0,IF(L20>0,AVERAGE(L18:L20),AVERAGE(L18:L19))) -> -4.1309893
B20: ='RAOB Used for Calcs'!C20 -> 1484.6667 | D20: =IF(B20=0,0,'RAOB Used for Calcs'!G20/10) -> 7.20216 | F20: ='RAOB Used for Calcs'!F20 -> 305 | H20: =COS(RADIANS(F20+90))*(D20) -> 5.8996641 | J20: =IF(H20=0,0,IF(H21>0,AVERAGE(H19:H21),AVERAGE(H19:H20))) -> 5.8996641 | L20: =SIN(RADIANS(F20-90))*(D20) -> -4.1309893 | N20: =IF(L20=0,0,IF(L21>0,AVERAGE(L19:L21),AVERAGE(L19:L20))) -> -4.1309893
... B199: ='RAOB Used for Calcs'!C199 -> 16532 | D199: =IF(B199=0,0,'RAOB Used for Calcs'!G199/10) -> 10.2888 | F199: ='RAOB Used for Calcs'!F199 -> 264 | H199: =COS(RADIANS(F199+90))*(D199) -> 10.232437 | J199: =IF(H199=0,0,IF(H200>0,AVERAGE(H198:H200),AVERAGE(H198:H199))) -> 10.205533 | L199: =SIN(RADIANS(F199-90))*(D199) -> 1.0754725 | N199: =IF(L199=0,0,IF(L200>0,AVERAGE(L198:L200),AVERAGE(L198:L199))) -> 1.9486235
B200: ='RAOB Used for Calcs'!C200 -> 16665.333 | D200: =IF(B200=0,0,'RAOB Used for Calcs'!G200/10) -> 10.80324 | F200: ='RAOB Used for Calcs'!F200 -> 250 | H200: =COS(RADIANS(F200+90))*(D200) -> 10.151725 | J200: =AVERAGE(H199:H200) -> 10.192081 | L200: =SIN(RADIANS(F200-90))*(D200) -> 3.6949257 | N200: =AVERAGE(L199:L200) -> 2.3851991
B201: ='RAOB Used for Calcs'!C201 -> 16798.667 | D201: =IF(B201=0,0,'RAOB Used for Calcs'!G201/10) -> 10.80324 | F201: ='RAOB Used for Calcs'!F201 -> 250 | H201: =COS(RADIANS(F201+90))*(D201) -> 10.151725 | J201: =AVERAGE(H200:H201) -> 10.151725 | L201: =SIN(RADIANS(F201-90))*(D201) -> 3.6949257 | N201: =AVERAGE(L200:L201) -> 3.6949257
B202: ='RAOB Used for Calcs'!C202 -> 16932 | D202: =IF(B202=0,0,'RAOB Used for Calcs'!G202/10) -> 10.80324 | F202: ='RAOB Used for Calcs'!F202 -> 250 | H202: =COS(RADIANS(F202+90))*(D202) -> 10.151725 | J202: =AVERAGE(H201:H202) -> 10.151725 | L202: =SIN(RADIANS(F202-90))*(D202) -> 3.6949257 | N202: =AVERAGE(L201:L202) -> 3.6949257
B203: ='RAOB Used for Calcs'!C203 -> 17079.333 | D203: =IF(B203=0,0,'RAOB Used for Calcs'!G203/10) -> 10.80324 | F203: ='RAOB Used for Calcs'!F203 -> 250 | H203: =COS(RADIANS(F203+90))*(D203) -> 10.151725 | J203: =AVERAGE(H202:H203) -> 10.151725 | L203: =SIN(RADIANS(F203-90))*(D203) -> 3.6949257 | N203: =AVERAGE(L202:L203) -> 3.6949257
B204: ='RAOB Used for Calcs'!C204 -> 17226.667 | D204: =IF(B204=0,0,'RAOB Used for Calcs'!G204/10) -> 10.80324 | F204: ='RAOB Used for Calcs'!F204 -> 250 | H204: =COS(RADIANS(F204+90))*(D204) -> 10.151725 | J204: =AVERAGE(H203:H204) -> 10.151725 | L204: =SIN(RADIANS(F204-90))*(D204) -> 3.6949257 | N204: =AVERAGE(L203:L204) -> 3.6949257
B205: ='RAOB Used for Calcs'!C205 -> 17374 | D205: =IF(B205=0,0,'RAOB Used for Calcs'!G205/10) -> 10.80324 | F205: ='RAOB Used for Calcs'!F205 -> 250 | H205: =COS(RADIANS(F205+90))*(D205) -> 10.151725 | J205: =AVERAGE(H204:H205) -> 10.151725 | L205: =SIN(RADIANS(F205-90))*(D205) -> 3.6949257 | N205: =AVERAGE(L204:L205) -> 3.6949257
B206: ='RAOB Used for Calcs'!C206 -> 17537.333 | D206: =IF(B206=0,0,'RAOB Used for Calcs'!G206/10) -> 13.37544 | F206: ='RAOB Used for Calcs'!F206 -> 265 | H206: =COS(RADIANS(F206+90))*(D206) -> 13.324542 | J206: =AVERAGE(H205:H206) -> 11.738134 | L206: =SIN(RADIANS(F206-90))*(D206) -> 1.1657464 | N206: =AVERAGE(L205:L206) -> 2.4303361
B207: ='RAOB Used for Calcs'!C207 -> 17700.667 | D207: =IF(B207=0,0,'RAOB Used for Calcs'!G207/10) -> 13.37544 | F207: ='RAOB Used for Calcs'!F207 -> 265 | H207: =COS(RADIANS(F207+90))*(D207) -> 13.324542 | J207: =AVERAGE(H206:H207) -> 13.324542 | L207: =SIN(RADIANS(F207-90))*(D207) -> 1.1657464 | N207: =AVERAGE(L206:L207) -> 1.1657464
B208: ='RAOB Used for Calcs'!C208 -> 17864 | D208: =IF(B208=0,0,'RAOB Used for Calcs'!G208/10) -> 13.37544 | F208: ='RAOB Used for Calcs'!F208 -> 265 | H208: =COS(RADIANS(F208+90))*(D208) -> 13.324542 | J208: =AVERAGE(H207:H208) -> 13.324542 | L208: =SIN(RADIANS(F208-90))*(D208) -> 1.1657464 | N208: =AVERAGE(L207:L208) -> 1.1657464
B209: ='RAOB Used for Calcs'!C209 -> 18026 | D209: =IF(B209=0,0,'RAOB Used for Calcs'!G209/10) -> 13.37544 | F209: ='RAOB Used for Calcs'!F209 -> 265 | H209: =COS(RADIANS(F209+90))*(D209) -> 13.324542 | J209: =AVERAGE(H208:H209) -> 13.324542 | L209: =SIN(RADIANS(F209-90))*(D209) -> 1.1657464 | N209: =AVERAGE(L208:L209) -> 1.1657464
B210: ='RAOB Used for Calcs'!C210 -> 18188 | D210: =IF(B210=0,0,'RAOB Used for Calcs'!G210/10) -> 13.37544 | F210: ='RAOB Used for Calcs'!F210 -> 265 | H210: =COS(RADIANS(F210+90))*(D210) -> 13.324542 | J210: =AVERAGE(H209:H210) -> 13.324542 | L210: =SIN(RADIANS(F210-90))*(D210) -> 1.1657464 | N210: =AVERAGE(L209:L210) -> 1.1657464
B211: ='RAOB Used for Calcs'!C211 -> 18350 | D211: =IF(B211=0,0,'RAOB Used for Calcs'!G211/10) -> 13.37544 | F211: ='RAOB Used for Calcs'!F211 -> 265 | H211: =COS(RADIANS(F211+90))*(D211) -> 13.324542 | J211: =AVERAGE(H210:H211) -> 13.324542 | L211: =SIN(RADIANS(F211-90))*(D211) -> 1.1657464 | N211: =AVERAGE(L210:L211) -> 1.1657464
... B600: ='RAOB Used for Calcs'!C600 -> 0 | D600: =IF(B600=0,0,'RAOB Used for Calcs'!G600/10) -> 0 | F600: ='RAOB Used for Calcs'!F600 -> 0 | H600: =COS(RADIANS(F600+90))*(D600) -> 0 | J600: =AVERAGE(H599:H600) -> 0 | L600: =SIN(RADIANS(F600-90))*(D600) -> 0 | N600: =AVERAGE(L599:L600) -> 0

Sheet wind graphs

Sheet P,T
A1: altitude | B1: ='RAOB Used for Calcs'!C1 -> 229 | C1: Measured temperature [C] | D1: ='RAOB Used for Calcs'!D1/10 -> 13.2 | E1: Measured temperature (K) | F1: =D1+273.15 -> 286.35 | G1: Measured pressure (kPa) | H1: ='RAOB Used for Calcs'!B1/10 -> 98.8 | I1: density | J1: =IF('RAOB Used for Calcs'!N1=1,((H1*1000)/(287.05*F1)),0) -> 1.2019937
A2: (m) | B2: ='RAOB Used for Calcs'!C2 -> 254.33333 | D2: ='RAOB Used for Calcs'!D2/10 -> 12.5 | F2: =D2+273.15 -> 285.65 | G2: (data is in hPa) | H2: ='RAOB Used for Calcs'!B2/10 -> 97.9 | J2: =IF('RAOB Used for Calcs'!N2=1,((H2*1000)/(287.05*F2)),0) -> 1.1939631
B3: ='RAOB Used for Calcs'!C3 -> 279.66667 | D3: ='RAOB Used for Calcs'!D3/10 -> 12.5 | F3: =D3+273.15 -> 285.65 | H3: ='RAOB Used for Calcs'!B3/10 -> 97.9 | I3: (kg/m2) | J3: =IF('RAOB Used for Calcs'!N3=1,((H3*1000)/(287.05*F3)),0) -> 1.1939631
B4: ='RAOB Used for Calcs'!C4 -> 305 | D4: ='RAOB Used for Calcs'!D4/10 -> 12.5 | F4: =D4+273.15 -> 285.65 | H4: ='RAOB Used for Calcs'!B4/10 -> 97.9 | J4: =IF('RAOB Used for Calcs'!N4=1,((H4*1000)/(287.05*F4)),0) -> 1.1939631
B5: ='RAOB Used for Calcs'!C5 -> 406.66667 | D5: ='RAOB Used for Calcs'!D5/10 -> 9.7 | F5: =D5+273.15 -> 282.85 | H5: ='RAOB Used for Calcs'!B5/10 -> 94.37 | I5: density | J5: =IF('RAOB Used for Calcs'!N5=1,((H5*1000)/(287.05*F5)),0) -> 1.1623053
B6: ='RAOB Used for Calcs'!C6 -> 508.33333 | D6: ='RAOB Used for Calcs'!D6/10 -> 9.7 | F6: =D6+273.15 -> 282.85 | H6: ='RAOB Used for Calcs'!B6/10 -> 94.37 | I6: p = P/(R*T) | J6: =IF('RAOB Used for Calcs'!N6=1,((H6*1000)/(287.05*F6)),0) -> 1.1623053
B7: ='RAOB Used for Calcs'!C7 -> 610 | D7: ='RAOB Used for Calcs'!D7/10 -> 9.7 | F7: =D7+273.15 -> 282.85 | H7: ='RAOB Used for Calcs'!B7/10 -> 94.37 | J7: =IF('RAOB Used for Calcs'!N7=1,((H7*1000)/(287.05*F7)),0) -> 1.1623053
B8: ='RAOB Used for Calcs'!C8 -> 665.33333 | D8: ='RAOB Used for Calcs'!D8/10 -> 8.2 | F8: =D8+273.15 -> 281.35 | H8: ='RAOB Used for Calcs'!B8/10 -> 92.5 | I8: P = absolute pressure | J8: =IF('RAOB Used for Calcs'!N8=1,((H8*1000)/(287.05*F8)),0) -> 1.1453475
B9: ='RAOB Used for Calcs'!C9 -> 720.66667 | D9: ='RAOB Used for Calcs'!D9/10 -> 8.2 | F9: =D9+273.15 -> 281.35 | H9: ='RAOB Used for Calcs'!B9/10 -> 92.5 | I9: R : 287.05 J/(kg*K) for dry air | J9: =IF('RAOB Used for Calcs'!N9=1,((H9*1000)/(287.05*F9)),0) -> 1.1453475
B10: ='RAOB Used for Calcs'!C10 -> 776 | D10: ='RAOB Used for Calcs'!D10/10 -> 8.2 | F10: =D10+273.15 -> 281.35 | H10: ='RAOB Used for Calcs'!B10/10 -> 92.5 | I10: T = temperature (K) | J10: =IF('RAOB Used for Calcs'!N10=1,((H10*1000)/(287.05*F10)),0) -> 1.1453475
B11: ='RAOB Used for Calcs'!C11 -> 822 | D11: ='RAOB Used for Calcs'!D11/10 -> 6.8 | F11: =D11+273.15 -> 279.95 | H11: ='RAOB Used for Calcs'!B11/10 -> 90.95 | J11: =IF('RAOB Used for Calcs'!N11=1,((H11*1000)/(287.05*F11)),0) -> 1.1317869
B12: ='RAOB Used for Calcs'!C12 -> 868 | D12: ='RAOB Used for Calcs'!D12/10 -> 6.8 | F12: =D12+273.15 -> 279.95 | H12: ='RAOB Used for Calcs'!B12/10 -> 90.95 | J12: =IF('RAOB Used for Calcs'!N12=1,((H12*1000)/(287.05*F12)),0) -> 1.1317869
B13: ='RAOB Used for Calcs'!C13 -> 914 | D13: ='RAOB Used for Calcs'!D13/10 -> 6.8 | F13: =D13+273.15 -> 279.95 | H13: ='RAOB Used for Calcs'!B13/10 -> 90.95 | I13: 1 bar = 1e5 Pa (N/m2) | J13: =IF('RAOB Used for Calcs'!N13=1,((H13*1000)/(287.05*F13)),0) -> 1.1317869
B14: ='RAOB Used for Calcs'!C14 -> 1015.6667 | D14: ='RAOB Used for Calcs'!D14/10 -> 3.7 | F14: =D14+273.15 -> 276.85 | H14: ='RAOB Used for Calcs'!B14/10 -> 87.6 | J14: =IF('RAOB Used for Calcs'!N14=1,((H14*1000)/(287.05*F14)),0) -> 1.1023056
B15: ='RAOB Used for Calcs'!C15 -> 1117.3333 | D15: ='RAOB Used for Calcs'!D15/10 -> 3.7 | F15: =D15+273.15 -> 276.85 | H15: ='RAOB Used for Calcs'!B15/10 -> 87.6 | J15: =IF('RAOB Used for Calcs'!N15=1,((H15*1000)/(287.05*F15)),0) -> 1.1023056
B16: ='RAOB Used for Calcs'!C16 -> 1219 | D16: ='RAOB Used for Calcs'!D16/10 -> 3.7 | F16: =D16+273.15 -> 276.85 | H16: ='RAOB Used for Calcs'!B16/10 -> 87.6 | J16: =IF('RAOB Used for Calcs'!N16=1,((H16*1000)/(287.05*F16)),0) -> 1.1023056
B17: ='RAOB Used for Calcs'!C17 -> 1301 | D17: ='RAOB Used for Calcs'!D17/10 -> 1.2 | F17: =D17+273.15 -> 274.35 | H17: ='RAOB Used for Calcs'!B17/10 -> 85 | J17: =IF('RAOB Used for Calcs'!N17=1,((H17*1000)/(287.05*F17)),0) -> 1.0793354
B18: ='RAOB Used for Calcs'!C18 -> 1383 | D18: ='RAOB Used for Calcs'!D18/10 -> 1.2 | F18: =D18+273.15 -> 274.35 | H18: ='RAOB Used for Calcs'!B18/10 -> 85 | J18: =IF('RAOB Used for Calcs'!N18=1,((H18*1000)/(287.05*F18)),0) -> 1.0793354
B19: ='RAOB Used for Calcs'!C19 -> 1465 | D19: ='RAOB Used for Calcs'!D19/10 -> 1.2 | F19: =D19+273.15 -> 274.35 | H19: ='RAOB Used for Calcs'!B19/10 -> 85 | J19: =IF('RAOB Used for Calcs'!N19=1,((H19*1000)/(287.05*F19)),0) -> 1.0793354
B20: ='RAOB Used for Calcs'!C20 -> 1484.6667 | D20: ='RAOB Used for Calcs'!D20/10 -> 0.8 | F20: =D20+273.15 -> 273.95 | H20: ='RAOB Used for Calcs'!B20/10 -> 84.38 | J20: =IF('RAOB Used for Calcs'!N20=1,((H20*1000)/(287.05*F20)),0) -> 1.073027
B21: ='RAOB Used for Calcs'!C21 -> 1504.3333 | D21: ='RAOB Used for Calcs'!D21/10 -> 0.8 | F21: =D21+273.15 -> 273.95 | H21: ='RAOB Used for Calcs'!B21/10 -> 84.38 | J21: =IF('RAOB Used for Calcs'!N21=1,((H21*1000)/(287.05*F21)),0) -> 1.073027
B22: ='RAOB Used for Calcs'!C22 -> 1524 | D22: ='RAOB Used for Calcs'!D22/10 -> 0.8 | F22: =D22+273.15 -> 273.95 | H22: ='RAOB Used for Calcs'!B22/10 -> 84.38 | J22: =IF('RAOB Used for Calcs'!N22=1,((H22*1000)/(287.05*F22)),0) -> 1.073027
B23: ='RAOB Used for Calcs'!C23 -> 1625.6667 | D23: ='RAOB Used for Calcs'!D23/10 -> -1.6 | F23: =D23+273.15 -> 271.55 | H23: ='RAOB Used for Calcs'!B23/10 -> 81.22 | J23: =IF('RAOB Used for Calcs'!N23=1,((H23*1000)/(287.05*F23)),0) -> 1.041971
B24: ='RAOB Used for Calcs'!C24 -> 1727.3333 | D24: ='RAOB Used for Calcs'!D24/10 -> -1.6 | F24: =D24+273.15 -> 271.55 | H24: ='RAOB Used for Calcs'!B24/10 -> 81.22 | J24: =IF('RAOB Used for Calcs'!N24=1,((H24*1000)/(287.05*F24)),0) -> 1.041971
B25: ='RAOB Used for Calcs'!C25 -> 1829 | D25: ='RAOB Used for Calcs'!D25/10 -> -1.6 | F25: =D25+273.15 -> 271.55 | H25: ='RAOB Used for Calcs'!B25/10 -> 81.22 | J25: =IF('RAOB Used for Calcs'!N25=1,((H25*1000)/(287.05*F25)),0) -> 1.041971
... B600: ='RAOB Used for Calcs'!C600 -> 0 | D600: ='RAOB Used for Calcs'!D600/10 -> 0 | F600: =D600+273.15 -> 273.15 | H600: ='RAOB Used for Calcs'!B600/10 -> 0 | J600: =IF('RAOB Used for Calcs'!N600=1,((H600*1000)/(287.05*F600)),0) -> 0

Sheet vertical grid
A1: altitude | B1: ='RAOB Used for Calcs'!C1 -> 229 | C1: delta-altitude | D1: =D2 -> 25.333333 | E1: Vz | F1: =Vz!AO1 -> 82.308702 | G1: time spent in each altitude slice | H1: =IF(J1=TRUE,D1/F1,0) -> 0 | I1: In range? | J1: =AND(B1>'particle parameters'!$B$18,B1<'particle parameters'!$B$19) -> FALSE
A2: (m) | B2: ='RAOB Used for Calcs'!C2 -> 254.33333 | C2: (distance) | D2: =IF('RAOB Used for Calcs'!N2=1,B2-B1,0) -> 25.333333 | E2: (m/s) | F2: =Vz!AO2 -> 82.568286 | G2: (s) | H2: =IF(J2=TRUE,D2/F2,0) -> 0 | J2: =AND(B2>'particle parameters'!$B$18,B2<'particle parameters'!$B$19) -> FALSE
B3: ='RAOB Used for Calcs'!C3 -> 279.66667 | D3: =IF('RAOB Used for Calcs'!N3=1,B3-B2,0) -> 25.333333 | F3: =Vz!AO3 -> 82.568286 | H3: =IF(J3=TRUE,D3/F3,0) -> 0 | J3: =AND(B3>'particle parameters'!$B$18,B3<'particle parameters'!$B$19) -> FALSE
B4: ='RAOB Used for Calcs'!C4 -> 305 | D4: =IF('RAOB Used for Calcs'!N4=1,B4-B3,0) -> 25.333333 | F4: =Vz!AO4 -> 82.568286 | G4: t = d/V | H4: =IF(J4=TRUE,D4/F4,0) -> 0 | J4: =AND(B4>'particle parameters'!$B$18,B4<'particle parameters'!$B$19) -> FALSE
B5: ='RAOB Used for Calcs'!C5 -> 406.66667 | D5: =IF('RAOB Used for Calcs'!N5=1,B5-B4,0) -> 101.66667 | F5: =Vz!AO5 -> 83.615556 | H5: =IF(J5=TRUE,D5/F5,0) -> 0 | J5: =AND(B5>'particle parameters'!$B$18,B5<'particle parameters'!$B$19) -> FALSE
B6: ='RAOB Used for Calcs'!C6 -> 508.33333 | D6: =IF('RAOB Used for Calcs'!N6=1,B6-B5,0) -> 101.66667 | F6: =Vz!AO6 -> 83.615556 | G6: V = velocity (m/s) | H6: =IF(J6=TRUE,D6/F6,0) -> 0 | J6: =AND(B6>'particle parameters'!$B$18,B6<'particle parameters'!$B$19) -> FALSE
B7: ='RAOB Used for Calcs'!C7 -> 610 | D7: =IF('RAOB Used for Calcs'!N7=1,B7-B6,0) -> 101.66667 | F7: =Vz!AO7 -> 83.615556 | G7: d = distance (m) | H7: =IF(J7=TRUE,D7/F7,0) -> 0 | J7: =AND(B7>'particle parameters'!$B$18,B7<'particle parameters'!$B$19) -> FALSE
B8: ='RAOB Used for Calcs'!C8 -> 665.33333 | D8: =IF('RAOB Used for Calcs'!N8=1,B8-B7,0) -> 55.333333 | F8: =Vz!AO8 -> 84.193027 | G8: t = time (s) | H8: =IF(J8=TRUE,D8/F8,0) -> 0 | J8: =AND(B8>'particle parameters'!$B$18,B8<'particle parameters'!$B$19) -> FALSE
B9: ='RAOB Used for Calcs'!C9 -> 720.66667 | D9: =IF('RAOB Used for Calcs'!N9=1,B9-B8,0) -> 55.333333 | F9: =Vz!AO9 -> 84.193027 | H9: =IF(J9=TRUE,D9/F9,0) -> 0 | J9: =AND(B9>'particle parameters'!$B$18,B9<'particle parameters'!$B$19) -> FALSE
B10: ='RAOB Used for Calcs'!C10 -> 776 | D10: =IF('RAOB Used for Calcs'!N10=1,B10-B9,0) -> 55.333333 | F10: =Vz!AO10 -> 84.193027 | H10: =IF(J10=TRUE,D10/F10,0) -> 0 | J10: =AND(B10>'particle parameters'!$B$18,B10<'particle parameters'!$B$19) -> FALSE
B11: ='RAOB Used for Calcs'!C11 -> 822 | D11: =IF('RAOB Used for Calcs'!N11=1,B11-B10,0) -> 46 | F11: =Vz!AO11 -> 84.661988 | H11: =IF(J11=TRUE,D11/F11,0) -> 0 | J11: =AND(B11>'particle parameters'!$B$18,B11<'particle parameters'!$B$19) -> FALSE
B12: ='RAOB Used for Calcs'!C12 -> 868 | D12: =IF('RAOB Used for Calcs'!N12=1,B12-B11,0) -> 46 | F12: =Vz!AO12 -> 84.661988 | G12: TOTAL TIME (s) | H12: =IF(J12=TRUE,D12/F12,0) -> 0 | J12: =AND(B12>'particle parameters'!$B$18,B12<'particle parameters'!$B$19) -> FALSE
B13: ='RAOB Used for Calcs'!C13 -> 914 | D13: =IF('RAOB Used for Calcs'!N13=1,B13-B12,0) -> 46 | F13: =Vz!AO13 -> 84.661988 | G13: =SUM(H1:H600) -> 44.298438 | H13: =IF(J13=TRUE,D13/F13,0) -> 0 | J13: =AND(B13>'particle parameters'!$B$18,B13<'particle parameters'!$B$19) -> FALSE
B14: ='RAOB Used for Calcs'!C14 -> 1015.6667 | D14: =IF('RAOB Used for Calcs'!N14=1,B14-B13,0) -> 101.66667 | F14: =Vz!AO14 -> 85.708386 | H14: =IF(J14=TRUE,D14/F14,0) -> 0 | J14: =AND(B14>'particle parameters'!$B$18,B14<'particle parameters'!$B$19) -> FALSE
B15: ='RAOB Used for Calcs'!C15 -> 1117.3333 | D15: =IF('RAOB Used for Calcs'!N15=1,B15-B14,0) -> 101.66667 | F15: =Vz!AO15 -> 85.708386 | G15: TOTAL TIME (min, s) | H15: =IF(J15=TRUE,D15/F15,0) -> 0 | J15: =AND(B15>'particle parameters'!$B$18,B15<'particle parameters'!$B$19) -> FALSE
B16: ='RAOB Used for Calcs'!C16 -> 1219 | D16: =IF('RAOB Used for Calcs'!N16=1,B16-B15,0) -> 101.66667 | F16: =Vz!AO16 -> 85.708386 | G16: =G13/60 -> 0.73830731 | H16: =IF(J16=TRUE,D16/F16,0) -> 0 | J16: =AND(B16>'particle parameters'!$B$18,B16<'particle parameters'!$B$19) -> FALSE
B17: ='RAOB Used for Calcs'!C17 -> 1301 | D17: =IF('RAOB Used for Calcs'!N17=1,B17-B16,0) -> 82 | F17: =Vz!AO17 -> 86.55007 | G17: MIN | H17: =IF(J17=TRUE,D17/F17,0) -> 0 | J17: =AND(B17>'particle parameters'!$B$18,B17<'particle parameters'!$B$19) -> FALSE
B18: ='RAOB Used for Calcs'!C18 -> 1383 | D18: =IF('RAOB Used for Calcs'!N18=1,B18-B17,0) -> 82 | F18: =Vz!AO18 -> 86.55007 | G18: =ROUNDUP(((G13/60)-ROUNDDOWN(G16,0))*60,0) -> 45 | H18: =IF(J18=TRUE,D18/F18,0) -> 0 | J18: =AND(B18>'particle parameters'!$B$18,B18<'particle parameters'!$B$19) -> FALSE
B19: ='RAOB Used for Calcs'!C19 -> 1465 | D19: =IF('RAOB Used for Calcs'!N19=1,B19-B18,0) -> 82 | F19: =Vz!AO19 -> 86.55007 | G19: SEC | H19: =IF(J19=TRUE,D19/F19,0) -> 0 | J19: =AND(B19>'particle parameters'!$B$18,B19<'particle parameters'!$B$19) -> FALSE
B20: ='RAOB Used for Calcs'!C20 -> 1484.6667 | D20: =IF('RAOB Used for Calcs'!N20=1,B20-B19,0) -> 19.666667 | F20: =Vz!AO20 -> 86.787863 | H20: =IF(J20=TRUE,D20/F20,0) -> 0 | J20: =AND(B20>'particle parameters'!$B$18,B20<'particle parameters'!$B$19) -> FALSE
B21: ='RAOB Used for Calcs'!C21 -> 1504.3333 | D21: =IF('RAOB Used for Calcs'!N21=1,B21-B20,0) -> 19.666667 | F21: =Vz!AO21 -> 86.787863 | H21: =IF(J21=TRUE,D21/F21,0) -> 0 | J21: =AND(B21>'particle parameters'!$B$18,B21<'particle parameters'!$B$19) -> FALSE
B22: ='RAOB Used for Calcs'!C22 -> 1524 | D22: =IF('RAOB Used for Calcs'!N22=1,B22-B21,0) -> 19.666667 | F22: =Vz!AO22 -> 86.787863 | H22: =IF(J22=TRUE,D22/F22,0) -> 0 | J22: =AND(B22>'particle parameters'!$B$18,B22<'particle parameters'!$B$19) -> FALSE
B23: ='RAOB Used for Calcs'!C23 -> 1625.6667 | D23: =IF('RAOB Used for Calcs'!N23=1,B23-B22,0) -> 101.66667 | F23: =Vz!AO23 -> 87.983937 | H23: =IF(J23=TRUE,D23/F23,0) -> 0 | J23: =AND(B23>'particle parameters'!$B$18,B23<'particle parameters'!$B$19) -> FALSE
B24: ='RAOB Used for Calcs'!C24 -> 1727.3333 | D24: =IF('RAOB Used for Calcs'!N24=1,B24-B23,0) -> 101.66667 | F24: =Vz!AO24 -> 87.983937 | H24: =IF(J24=TRUE,D24/F24,0) -> 0 | J24: =AND(B24>'particle parameters'!$B$18,B24<'particle parameters'!$B$19) -> FALSE
B25: ='RAOB Used for Calcs'!C25 -> 1829 | D25: =IF('RAOB Used for Calcs'!N25=1,B25-B24,0) -> 101.66667 | F25: =Vz!AO25 -> 87.983937 | H25: =IF(J25=TRUE,D25/F25,0) -> 0 | J25: =AND(B25>'particle parameters'!$B$18,B25<'particle parameters'!$B$19) -> FALSE
B26: ='RAOB Used for Calcs'!C26 -> 1859.3333 | D26: =IF('RAOB Used for Calcs'!N26=1,B26-B25,0) -> 30.333333 | F26: =Vz!AO26 -> 88.345472 | H26: =IF(J26=TRUE,D26/F26,0) -> 0 | J26: =AND(B26>'particle parameters'!$B$18,B26<'particle parameters'!$B$19) -> FALSE
B27: ='RAOB Used for Calcs'!C27 -> 1889.6667 | D27: =IF('RAOB Used for Calcs'!N27=1,B27-B26,0) -> 30.333333 | F27: =Vz!AO27 -> 88.345472 | H27: =IF(J27=TRUE,D27/F27,0) -> 0 | J27: =AND(B27>'particle parameters'!$B$18,B27<'particle parameters'!$B$19) -> FALSE
B28: ='RAOB Used for Calcs'!C28 -> 1920 | D28: =IF('RAOB Used for Calcs'!N28=1,B28-B27,0) -> 30.333333 | F28: =Vz!AO28 -> 88.345472 | H28: =IF(J28=TRUE,D28/F28,0) -> 0 | J28: =AND(B28>'particle parameters'!$B$18,B28<'particle parameters'!$B$19) -> FALSE
B29: ='RAOB Used for Calcs'!C29 -> 1930 | D29: =IF('RAOB Used for Calcs'!N29=1,B29-B28,0) -> 10 | F29: =Vz!AO29 -> 88.50204 | H29: =IF(J29=TRUE,D29/F29,0) -> 0 | J29: =AND(B29>'particle parameters'!$B$18,B29<'particle parameters'!$B$19) -> FALSE
B30: ='RAOB Used for Calcs'!C30 -> 1940 | D30: =IF('RAOB Used for Calcs'!N30=1,B30-B29,0) -> 10 | F30: =Vz!AO30 -> 88.50204 | H30: =IF(J30=TRUE,D30/F30,0) -> 0 | J30: =AND(B30>'particle parameters'!$B$18,B30<'particle parameters'!$B$19) -> FALSE
B31: ='RAOB Used for Calcs'!C31 -> 1950 | D31: =IF('RAOB Used for Calcs'!N31=1,B31-B30,0) -> 10 | F31: =Vz!AO31 -> 88.50204 | H31: =IF(J31=TRUE,D31/F31,0) -> 0 | J31: =AND(B31>'particle parameters'!$B$18,B31<'particle parameters'!$B$19) -> FALSE
... B600: ='RAOB Used for Calcs'!C600 -> 0 | D600: =IF('RAOB Used for Calcs'!N600=1,B600-B599,0) -> 0 | F600: =Vz!AO600 -> 0 | H600: =IF(J600=TRUE,D600/F600,0) -> 0 | J600: =AND(B600>'particle parameters'!$B$18,B600<'particle parameters'!$B$19) -> FALSE

Sheet lateral displacement
A1: altitude | B1: =IF('RAOB Used for Calcs'!N1=1,'RAOB Used for Calcs'!C1,0) -> 229 | C1: drag coefficient (Cd) | D1: =Vz!K1 -> 0.44358817 | E1: air density | F1: ='P,T'!J1 -> 1.2019937 | G1: effective wind V (x) | H1: ='wind velocity'!J1-T1 -> -52.275885 | I1: effective wind V (y) | J1: ='wind velocity'!N1-X1 -> -66.33744 | K1: drag force F(x) | L1: =IF('RAOB Used for Calcs'!N1=1,(0.5)*F1*$K$12*D1*(H1*ABS(H1)),0) -> -3.9571297 | M1: drag force F(y) | N1: =IF('RAOB Used for Calcs'!N1=1,(0.5)*F1*$K$12*D1*(J1*ABS(J1)),0) -> -6.372281 | O1: drag acceleration a(x) | P1: =IF('RAOB Used for Calcs'!N1=1,L1/$O$9,0) -> -3.9571297 | Q1: drag acceleration a(y) | R1: =IF('RAOB Used for Calcs'!N1=1,N1/$O$9,0) -> -6.372281 | S1: initial Vmet per altitude (x) | T1: =IF('RAOB Used for Calcs'!L1=1,'particle parameters'!$B$31,T2+(P2*'vertical grid'!H2)) -> 55.619745 | U1: Smoothed Vmet (x) | V1: =AVERAGE(T1:T2) -> 55.619745 | W1: initial Vmet per altitude (y) | X1: =IF('RAOB Used for Calcs'!L1=1,'particle parameters'!$B$32,X2+(R2*'vertical grid'!H2)) -> 60.545705 | Y1: Smoothed Vmet (y) | Z1: =AVERAGE(X1:X2) -> 60.545705 | AA1: X displacement per increment (m) | AB1: =(V1*'vertical grid'!H1)+((0.5*P1)*('vertical grid'!H1*'vertical grid'!H1)) -> 0 | AC1: Y displacement per increment (m) | AD1: =(Z1*'vertical grid'!H1)+((0.5*R1)*('vertical grid'!H1*'vertical grid'!H1)) -> 0 | AE1: X displacement (m) | AF1: =IF(AB1=0, AB1/0, SUM(AB1:$AB$600)) -> #DIV/0! | AG1: Y displacement (m) | AH1: =IF(AD1=0, AD1/0, SUM(AD1:$AD$600)) -> #DIV/0! | AI1: X displacement rate | AJ1: =AJ2 -> 0 | AK1: Y displacement rate | AL1: =AL2 -> 0
B2: =IF('RAOB Used for Calcs'!N2=1,'RAOB Used for Calcs'!C2,0) -> 254.33333 | D2: =Vz!K2 -> 0.44376825 | F2: ='P,T'!J2 -> 1.1939631 | H2: ='wind velocity'!J2-T2 -> -52.275885 | J2: ='wind velocity'!N2-X2 -> -66.33744 | L2: =IF('RAOB Used for Calcs'!N2=1,(0.5)*F2*$K$12*D2*(H2*ABS(H2)),0) -> -3.9322875 | N2: =IF('RAOB Used for Calcs'!N2=1,(0.5)*F2*$K$12*D2*(J2*ABS(J2)),0) -> -6.3322768 | P2: =IF('RAOB Used for Calcs'!N2=1,L2/$O$9,0) -> -3.9322875 | R2: =IF('RAOB Used for Calcs'!N2=1,N2/$O$9,0) -> -6.3322768 | T2: =IF('RAOB Used for Calcs'!L2=1,'particle parameters'!$B$31,T3+(P3*'vertical grid'!H3)) -> 55.619745 | V2: =(IF('RAOB Used for Calcs'!L2=1, AVERAGE(T1:T2), AVERAGE(T1:T3))*'RAOB Used for Calcs'!N2) -> 55.619745 | X2: =IF('RAOB Used for Calcs'!L2=1,'particle parameters'!$B$32,X3+(R3*'vertical grid'!H3)) -> 60.545705 | Z2: =(IF('RAOB Used for Calcs'!L2=1,AVERAGE(X1:X2),AVERAGE(X1:X3)))*'RAOB Used for Calcs'!N2 -> 60.545705 | AB2: =(V2*'vertical grid'!H2)+((0.5*P2)*('vertical grid'!H2*'vertical grid'!H2)) -> 0 | AD2: =(Z2*'vertical grid'!H2)+((0.5*R2)*('vertical grid'!H2*'vertical grid'!H2)) -> 0 | AF2: =IF(AB2=0, AB2/0, SUM(AB2:$AB$600)) -> #DIV/0! | AH2: =IF(AD2=0, AD2/0, SUM(AD2:$AD$600)) -> #DIV/0! | AJ2: =IF('RAOB Used for Calcs'!N3=1,AB2/(B2-B1),B2/0) -> 0 | AL2: =IF('RAOB Used for Calcs'!N3=1, AD2/(B2-B1), B2/0) -> 0
A3: (m) | B3: =IF('RAOB Used for Calcs'!N3=1,'RAOB Used for Calcs'!C3,0) -> 279.66667 | C3: Actual | D3: =Vz!K3 -> 0.44376825 | E3: (kg/m3) | F3: ='P,T'!J3 -> 1.1939631 | G3: (m/s) | H3: ='wind velocity'!J3-T3 -> -52.275885 | I3: (m/s) | J3: ='wind velocity'!N3-X3 -> -66.33744 | K3: kg*m/s2 | L3: =IF('RAOB Used for Calcs'!N3=1,(0.5)*F3*$K$12*D3*(H3*ABS(H3)),0) -> -3.9322875 | M3: kg*m/s2 | N3: =IF('RAOB Used for Calcs'!N3=1,(0.5)*F3*$K$12*D3*(J3*ABS(J3)),0) -> -6.3322768 | O3: m/s2 | P3: =IF('RAOB Used for Calcs'!N3=1,L3/$O$9,0) -> -3.9322875 | Q3: m/s2 | R3: =IF('RAOB Used for Calcs'!N3=1,N3/$O$9,0) -> -6.3322768 | S3: (m/s) | T3: =IF('RAOB Used for Calcs'!L3=1,'particle parameters'!$B$31,T4+(P4*'vertical grid'!H4)) -> 55.619745 | U3: (m/s) | V3: =(IF('RAOB Used for Calcs'!L3=1, AVERAGE(T2:T3), AVERAGE(T2:T4))*'RAOB Used for Calcs'!N3) -> 55.619745 | W3: (m/s) | X3: =IF('RAOB Used for Calcs'!L3=1,'particle parameters'!$B$32,X4+(R4*'vertical grid'!H4)) -> 60.545705 | Y3: (m/s) | Z3: =(IF('RAOB Used for Calcs'!L3=1,AVERAGE(X2:X3),AVERAGE(X2:X4)))*'RAOB Used for Calcs'!N3 -> 60.545705 | AA3: Xf=Vi*t+(1/2)at^2 | AB3: =(V3*'vertical grid'!H3)+((0.5*P3)*('vertical grid'!H3*'vertical grid'!H3)) -> 0 | AC3: Yf=Vi*t+(1/2)at^2 | AD3: =(Z3*'vertical grid'!H3)+((0.5*R3)*('vertical grid'!H3*'vertical grid'!H3)) -> 0 | AE3: (m) | AF3: =IF(AB3=0, AB3/0, SUM(AB3:$AB$600)) -> #DIV/0! | AG3: (m) | AH3: =IF(AD3=0, AD3/0, SUM(AD3:$AD$600)) -> #DIV/0! | AI3: X (m)/Z (m) | AJ3: =IF('RAOB Used for Calcs'!N4=1,AB3/(B3-B2),B3/0) -> 0 | AK3: Y (m)/Z (m) | AL3: =IF('RAOB Used for Calcs'!N4=1, AD3/(B3-B2), B3/0) -> 0
B4: =IF('RAOB Used for Calcs'!N4=1,'RAOB Used for Calcs'!C4,0) -> 305 | D4: =Vz!K4 -> 0.44376825 | F4: ='P,T'!J4 -> 1.1939631 | H4: ='wind velocity'!J4-T4 -> -51.737127 | J4: ='wind velocity'!N4-X4 -> -66.33744 | L4: =IF('RAOB Used for Calcs'!N4=1,(0.5)*F4*$K$12*D4*(H4*ABS(H4)),0) -> -3.8516524 | N4: =IF('RAOB Used for Calcs'!N4=1,(0.5)*F4*$K$12*D4*(J4*ABS(J4)),0) -> -6.3322768 | P4: =IF('RAOB Used for Calcs'!N4=1,L4/$O$9,0) -> -3.8516524 | R4: =IF('RAOB Used for Calcs'!N4=1,N4/$O$9,0) -> -6.3322768 | T4: =IF('RAOB Used for Calcs'!L4=1,'particle parameters'!$B$31,T5+(P5*'vertical grid'!H5)) -> 55.619745 | V4: =(IF('RAOB Used for Calcs'!L4=1, AVERAGE(T3:T4), AVERAGE(T3:T5))*'RAOB Used for Calcs'!N4) -> 55.619745 | X4: =IF('RAOB Used for Calcs'!L4=1,'particle parameters'!$B$32,X5+(R5*'vertical grid'!H5)) -> 60.545705 | Z4: =(IF('RAOB Used for Calcs'!L4=1,AVERAGE(X3:X4),AVERAGE(X3:X5)))*'RAOB Used for Calcs'!N4 -> 60.545705 | AB4: =(V4*'vertical grid'!H4)+((0.5*P4)*('vertical grid'!H4*'vertical grid'!H4)) -> 0 | AD4: =(Z4*'vertical grid'!H4)+((0.5*R4)*('vertical grid'!H4*'vertical grid'!H4)) -> 0 | AF4: =IF(AB4=0, AB4/0, SUM(AB4:$AB$600)) -> #DIV/0! | AH4: =IF(AD4=0, AD4/0, SUM(AD4:$AD$600)) -> #DIV/0! | AJ4: =IF('RAOB Used for Calcs'!N5=1,AB4/(B4-B3),B4/0) -> 0 | AL4: =IF('RAOB Used for Calcs'!N5=1, AD4/(B4-B3), B4/0) -> 0
B5: =IF('RAOB Used for Calcs'!N5=1,'RAOB Used for Calcs'!C5,0) -> 406.66667 | D5: =Vz!K5 -> 0.4445077 | F5: ='P,T'!J5 -> 1.1623053 | G5: Veff = Vmet - Vwind | H5: ='wind velocity'!J5-T5 -> -51.198368 | J5: ='wind velocity'!N5-X5 -> -66.397202 | K5: F = 1/2p A Cd (Veff^2) | L5: =IF('RAOB Used for Calcs'!N5=1,(0.5)*F5*$K$12*D5*(H5*ABS(H5)),0) -> -3.6779607 | M5: F = 1/2p A Cd (Veff^2) | N5: =IF('RAOB Used for Calcs'!N5=1,(0.5)*F5*$K$12*D5*(J5*ABS(J5)),0) -> -6.1857789 | O5: F=ma | P5: =IF('RAOB Used for Calcs'!N5=1,L5/$O$9,0) -> -3.6779607 | Q5: F=ma | R5: =IF('RAOB Used for Calcs'!N5=1,N5/$O$9,0) -> -6.1857789 | S5: V=Vi+at | T5: =IF('RAOB Used for Calcs'!L5=1,'particle parameters'!$B$31,T6+(P6*'vertical grid'!H6)) -> 55.619745 | U5: Running average of closest 3 | V5: =(IF('RAOB Used for Calcs'!L5=1, AVERAGE(T4:T5), AVERAGE(T4:T6))*'RAOB Used for Calcs'!N5) -> 55.619745 | W5: V=Vi+at | X5: =IF('RAOB Used for Calcs'!L5=1,'particle parameters'!$B$32,X6+(R6*'vertical grid'!H6)) -> 60.545705 | Y5: Running average of closest 3 | Z5: =(IF('RAOB Used for Calcs'!L5=1,AVERAGE(X4:X5),AVERAGE(X4:X6)))*'RAOB Used for Calcs'!N5 -> 60.545705 | AA5: Xf = final X | AB5: =(V5*'vertical grid'!H5)+((0.5*P5)*('vertical grid'!H5*'vertical grid'!H5)) -> 0 | AC5: Yf = final Y | AD5: =(Z5*'vertical grid'!H5)+((0.5*R5)*('vertical grid'!H5*'vertical grid'!H5)) -> 0 | AF5: =IF(AB5=0, AB5/0, SUM(AB5:$AB$600)) -> #DIV/0! | AH5: =IF(AD5=0, AD5/0, SUM(AD5:$AD$600)) -> #DIV/0! | AJ5: =IF('RAOB Used for Calcs'!N6=1,AB5/(B5-B4),B5/0) -> 0 | AL5: =IF('RAOB Used for Calcs'!N6=1, AD5/(B5-B4), B5/0) -> 0
B6: =IF('RAOB Used for Calcs'!N6=1,'RAOB Used for Calcs'!C6,0) -> 508.33333 | D6: =Vz!K6 -> 0.4445077 | F6: ='P,T'!J6 -> 1.1623053 | H6: ='wind velocity'!J6-T6 -> -50.65961 | J6: ='wind velocity'!N6-X6 -> -66.456963 | K6: p = air density | L6: =IF('RAOB Used for Calcs'!N6=1,(0.5)*F6*$K$12*D6*(H6*ABS(H6)),0) -> -3.6009619 | M6: p = air density | N6: =IF('RAOB Used for Calcs'!N6=1,(0.5)*F6*$K$12*D6*(J6*ABS(J6)),0) -> -6.1969191 | O6: a=F/m | P6: =IF('RAOB Used for Calcs'!N6=1,L6/$O$9,0) -> -3.6009619 | Q6: a=F/m | R6: =IF('RAOB Used for Calcs'!N6=1,N6/$O$9,0) -> -6.1969191 | T6: =IF('RAOB Used for Calcs'!L6=1,'particle parameters'!$B$31,T7+(P7*'vertical grid'!H7)) -> 55.619745 | V6: =(IF('RAOB Used for Calcs'!L6=1, AVERAGE(T5:T6), AVERAGE(T5:T7))*'RAOB Used for Calcs'!N6) -> 55.619745 | X6: =IF('RAOB Used for Calcs'!L6=1,'particle parameters'!$B$32,X7+(R7*'vertical grid'!H7)) -> 60.545705 | Z6: =(IF('RAOB Used for Calcs'!L6=1,AVERAGE(X5:X6),AVERAGE(X5:X7)))*'RAOB Used for Calcs'!N6 -> 60.545705 | AA6: Vi = intial V | AB6: =(V6*'vertical grid'!H6)+((0.5*P6)*('vertical grid'!H6*'vertical grid'!H6)) -> 0 | AC6: Vi = intial V | AD6: =(Z6*'vertical grid'!H6)+((0.5*R6)*('vertical grid'!H6*'vertical grid'!H6)) -> 0 | AF6: =IF(AB6=0, AB6/0, SUM(AB6:$AB$600)) -> #DIV/0! | AH6: =IF(AD6=0, AD6/0, SUM(AD6:$AD$600)) -> #DIV/0! | AJ6: =IF('RAOB Used for Calcs'!N7=1,AB6/(B6-B5),B6/0) -> 0 | AL6: =IF('RAOB Used for Calcs'!N7=1, AD6/(B6-B5), B6/0) -> 0
B7: =IF('RAOB Used for Calcs'!N7=1,'RAOB Used for Calcs'!C7,0) -> 610 | D7: =Vz!K7 -> 0.4445077 | F7: ='P,T'!J7 -> 1.1623053 | G7: Using smoothed wind values | H7: ='wind velocity'!J7-T7 -> -50.494168 | I7: Using smoothed wind values | J7: ='wind velocity'!N7-X7 -> -66.456963 | K7: Veff = eff wind speed | L7: =IF('RAOB Used for Calcs'!N7=1,(0.5)*F7*$K$12*D7*(H7*ABS(H7)),0) -> -3.5774806 | M7: Veff = eff wind speed | N7: =IF('RAOB Used for Calcs'!N7=1,(0.5)*F7*$K$12*D7*(J7*ABS(J7)),0) -> -6.1969191 | P7: =IF('RAOB Used for Calcs'!N7=1,L7/$O$9,0) -> -3.5774806 | R7: =IF('RAOB Used for Calcs'!N7=1,N7/$O$9,0) -> -6.1969191 | S7: (The Vmet at the beginning of each vertical range) | T7: =IF('RAOB Used for Calcs'!L7=1,'particle parameters'!$B$31,T8+(P8*'vertical grid'!H8)) -> 55.619745 | V7: =(IF('RAOB Used for Calcs'!L7=1, AVERAGE(T6:T7), AVERAGE(T6:T8))*'RAOB Used for Calcs'!N7) -> 55.619745 | X7: =IF('RAOB Used for Calcs'!L7=1,'particle parameters'!$B$32,X8+(R8*'vertical grid'!H8)) -> 60.545705 | Z7: =(IF('RAOB Used for Calcs'!L7=1,AVERAGE(X6:X7),AVERAGE(X6:X8)))*'RAOB Used for Calcs'!N7 -> 60.545705 | AA7: t = time under a | AB7: =(V7*'vertical grid'!H7)+((0.5*P7)*('vertical grid'!H7*'vertical grid'!H7)) -> 0 | AC7: t = time under a | AD7: =(Z7*'vertical grid'!H7)+((0.5*R7)*('vertical grid'!H7*'vertical grid'!H7)) -> 0 | AF7: =IF(AB7=0, AB7/0, SUM(AB7:$AB$600)) -> #DIV/0! | AH7: =IF(AD7=0, AD7/0, SUM(AD7:$AD$600)) -> #DIV/0! | AJ7: =IF('RAOB Used for Calcs'!N8=1,AB7/(B7-B6),B7/0) -> 0 | AL7: =IF('RAOB Used for Calcs'!N8=1, AD7/(B7-B6), B7/0) -> 0
B8: =IF('RAOB Used for Calcs'!N8=1,'RAOB Used for Calcs'!C8,0) -> 665.33333 | D8: =Vz!K8 -> 0.44492228 | F8: ='P,T'!J8 -> 1.1453475 | H8: ='wind velocity'!J8-T8 -> -50.328726 | J8: ='wind velocity'!N8-X8 -> -66.229564 | K8: Cd = drag coeff | L8: =IF('RAOB Used for Calcs'!N8=1,(0.5)*F8*$K$12*D8*(H8*ABS(H8)),0) -> -3.5054892 | M8: Cd = drag coeff | N8: =IF('RAOB Used for Calcs'!N8=1,(0.5)*F8*$K$12*D8*(J8*ABS(J8)),0) -> -6.0704453 | O8: m (kg) | P8: =IF('RAOB Used for Calcs'!N8=1,L8/$O$9,0) -> -3.5054892 | R8: =IF('RAOB Used for Calcs'!N8=1,N8/$O$9,0) -> -6.0704453 | T8: =IF('RAOB Used for Calcs'!L8=1,'particle parameters'!$B$31,T9+(P9*'vertical grid'!H9)) -> 55.619745 | V8: =(IF('RAOB Used for Calcs'!L8=1, AVERAGE(T7:T8), AVERAGE(T7:T9))*'RAOB Used for Calcs'!N8) -> 55.619745 | X8: =IF('RAOB Used for Calcs'!L8=1,'particle parameters'!$B$32,X9+(R9*'vertical grid'!H9)) -> 60.545705 | Z8: =(IF('RAOB Used for Calcs'!L8=1,AVERAGE(X7:X8),AVERAGE(X7:X9)))*'RAOB Used for Calcs'!N8 -> 60.545705 | AA8: a = acceleration due | AB8: =(V8*'vertical grid'!H8)+((0.5*P8)*('vertical grid'!H8*'vertical grid'!H8)) -> 0 | AC8: a = acceleration due | AD8: =(Z8*'vertical grid'!H8)+((0.5*R8)*('vertical grid'!H8*'vertical grid'!H8)) -> 0 | AF8: =IF(AB8=0, AB8/0, SUM(AB8:$AB$600)) -> #DIV/0! | AH8: =IF(AD8=0, AD8/0, SUM(AD8:$AD$600)) -> #DIV/0! | AJ8: =IF('RAOB Used for Calcs'!N9=1,AB8/(B8-B7),B8/0) -> 0 | AL8: =IF('RAOB Used for Calcs'!N9=1, AD8/(B8-B7), B8/0) -> 0
B9: =IF('RAOB Used for Calcs'!N9=1,'RAOB Used for Calcs'!C9,0) -> 720.66667 | D9: =Vz!K9 -> 0.44492228 | F9: ='P,T'!J9 -> 1.1453475 | H9: ='wind velocity'!J9-T9 -> -50.163285 | J9: ='wind velocity'!N9-X9 -> -66.002165 | K9: A = cross section | L9: =IF('RAOB Used for Calcs'!N9=1,(0.5)*F9*$K$12*D9*(H9*ABS(H9)),0) -> -3.4824805 | M9: A = cross section | N9: =IF('RAOB Used for Calcs'!N9=1,(0.5)*F9*$K$12*D9*(J9*ABS(J9)),0) -> -6.0288311 | O9: ='particle parameters'!B21/1000 -> 1 | P9: =IF('RAOB Used for Calcs'!N9=1,L9/$O$9,0) -> -3.4824805 | R9: =IF('RAOB Used for Calcs'!N9=1,N9/$O$9,0) -> -6.0288311 | T9: =IF('RAOB Used for Calcs'!L9=1,'particle parameters'!$B$31,T10+(P10*'vertical grid'!H10)) -> 55.619745 | V9: =(IF('RAOB Used for Calcs'!L9=1, AVERAGE(T8:T9), AVERAGE(T8:T10))*'RAOB Used for Calcs'!N9) -> 55.619745 | X9: =IF('RAOB Used for Calcs'!L9=1,'particle parameters'!$B$32,X10+(R10*'vertical grid'!H10)) -> 60.545705 | Z9: =(IF('RAOB Used for Calcs'!L9=1,AVERAGE(X8:X9),AVERAGE(X8:X10)))*'RAOB Used for Calcs'!N9 -> 60.545705 | AA9: to wind | AB9: =(V9*'vertical grid'!H9)+((0.5*P9)*('vertical grid'!H9*'vertical grid'!H9)) -> 0 | AC9: to wind | AD9: =(Z9*'vertical grid'!H9)+((0.5*R9)*('vertical grid'!H9*'vertical grid'!H9)) -> 0 | AF9: =IF(AB9=0, AB9/0, SUM(AB9:$AB$600)) -> #DIV/0! | AH9: =IF(AD9=0, AD9/0, SUM(AD9:$AD$600)) -> #DIV/0! | AJ9: =IF('RAOB Used for Calcs'!N10=1,AB9/(B9-B8),B9/0) -> 0 | AL9: =IF('RAOB Used for Calcs'!N10=1, AD9/(B9-B8), B9/0) -> 0
B10: =IF('RAOB Used for Calcs'!N10=1,'RAOB Used for Calcs'!C10,0) -> 776 | D10: =Vz!K10 -> 0.44492228 | F10: ='P,T'!J10 -> 1.1453475 | H10: ='wind velocity'!J10-T10 -> -50.011685 | J10: ='wind velocity'!N10-X10 -> -66.002165 | L10: =IF('RAOB Used for Calcs'!N10=1,(0.5)*F10*$K$12*D10*(H10*ABS(H10)),0) -> -3.4614633 | N10: =IF('RAOB Used for Calcs'!N10=1,(0.5)*F10*$K$12*D10*(J10*ABS(J10)),0) -> -6.0288311 | P10: =IF('RAOB Used for Calcs'!N10=1,L10/$O$9,0) -> -3.4614633 | R10: =IF('RAOB Used for Calcs'!N10=1,N10/$O$9,0) -> -6.0288311 | T10: =IF('RAOB Used for Calcs'!L10=1,'particle parameters'!$B$31,T11+(P11*'vertical grid'!H11)) -> 55.619745 | V10: =(IF('RAOB Used for Calcs'!L10=1, AVERAGE(T9:T10), AVERAGE(T9:T11))*'RAOB Used for Calcs'!N10) -> 55.619745 | X10: =IF('RAOB Used for Calcs'!L10=1,'particle parameters'!$B$32,X11+(R11*'vertical grid'!H11)) -> 60.545705 | Z10: =(IF('RAOB Used for Calcs'!L10=1,AVERAGE(X9:X10),AVERAGE(X9:X11)))*'RAOB Used for Calcs'!N10 -> 60.545705 | AB10: =(V10*'vertical grid'!H10)+((0.5*P10)*('vertical grid'!H10*'vertical grid'!H10)) -> 0 | AD10: =(Z10*'vertical grid'!H10)+((0.5*R10)*('vertical grid'!H10*'vertical grid'!H10)) -> 0 | AF10: =IF(AB10=0, AB10/0, SUM(AB10:$AB$600)) -> #DIV/0! | AH10: =IF(AD10=0, AD10/0, SUM(AD10:$AD$600)) -> #DIV/0! | AJ10: =IF('RAOB Used for Calcs'!N11=1,AB10/(B10-B9),B10/0) -> 0 | AL10: =IF('RAOB Used for Calcs'!N11=1, AD10/(B10-B9), B10/0) -> 0
B11: =IF('RAOB Used for Calcs'!N11=1,'RAOB Used for Calcs'!C11,0) -> 822 | D11: =Vz!K11 -> 0.44527885 | F11: ='P,T'!J11 -> 1.1317869 | H11: ='wind velocity'!J11-T11 -> -49.860086 | J11: ='wind velocity'!N11-X11 -> -65.754002 | K11: A (m2) | L11: =IF('RAOB Used for Calcs'!N11=1,(0.5)*F11*$K$12*D11*(H11*ABS(H11)),0) -> -3.4024999 | N11: =IF('RAOB Used for Calcs'!N11=1,(0.5)*F11*$K$12*D11*(J11*ABS(J11)),0) -> -5.9174755 | P11: =IF('RAOB Used for Calcs'!N11=1,L11/$O$9,0) -> -3.4024999 | R11: =IF('RAOB Used for Calcs'!N11=1,N11/$O$9,0) -> -5.9174755 | T11: =IF('RAOB Used for Calcs'!L11=1,'particle parameters'!$B$31,T12+(P12*'vertical grid'!H12)) -> 55.619745 | V11: =(IF('RAOB Used for Calcs'!L11=1, AVERAGE(T10:T11), AVERAGE(T10:T12))*'RAOB Used for Calcs'!N11) -> 55.619745 | X11: =IF('RAOB Used for Calcs'!L11=1,'particle parameters'!$B$32,X12+(R12*'vertical grid'!H12)) -> 60.545705 | Z11: =(IF('RAOB Used for Calcs'!L11=1,AVERAGE(X10:X11),AVERAGE(X10:X12)))*'RAOB Used for Calcs'!N11 -> 60.545705 | AA11: TOTAL X DISPLACEMENT | AB11: =(V11*'vertical grid'!H11)+((0.5*P11)*('vertical grid'!H11*'vertical grid'!H11)) -> 0 | AC11: TOTAL Y DISPLACEMENT | AD11: =(Z11*'vertical grid'!H11)+((0.5*R11)*('vertical grid'!H11*'vertical grid'!H11)) -> 0 | AF11: =IF(AB11=0, AB11/0, SUM(AB11:$AB$600)) -> #DIV/0! | AH11: =IF(AD11=0, AD11/0, SUM(AD11:$AD$600)) -> #DIV/0! | AJ11: =IF('RAOB Used for Calcs'!N12=1,AB11/(B11-B10),B11/0) -> 0 | AL11: =IF('RAOB Used for Calcs'!N12=1, AD11/(B11-B10), B11/0) -> 0
B12: =IF('RAOB Used for Calcs'!N12=1,'RAOB Used for Calcs'!C12,0) -> 868 | D12: =Vz!K12 -> 0.44527885 | F12: ='P,T'!J12 -> 1.1317869 | H12: ='wind velocity'!J12-T12 -> -49.708486 | J12: ='wind velocity'!N12-X12 -> -65.505839 | K12: ='particle parameters'!F19 -> 0.0054315694 | L12: =IF('RAOB Used for Calcs'!N12=1,(0.5)*F12*$K$12*D12*(H12*ABS(H12)),0) -> -3.3818408 | N12: =IF('RAOB Used for Calcs'!N12=1,(0.5)*F12*$K$12*D12*(J12*ABS(J12)),0) -> -5.8728934 | P12: =IF('RAOB Used for Calcs'!N12=1,L12/$O$9,0) -> -3.3818408 | R12: =IF('RAOB Used for Calcs'!N12=1,N12/$O$9,0) -> -5.8728934 | T12: =IF('RAOB Used for Calcs'!L12=1,'particle parameters'!$B$31,T13+(P13*'vertical grid'!H13)) -> 55.619745 | V12: =(IF('RAOB Used for Calcs'!L12=1, AVERAGE(T11:T12), AVERAGE(T11:T13))*'RAOB Used for Calcs'!N12) -> 55.619745 | X12: =IF('RAOB Used for Calcs'!L12=1,'particle parameters'!$B$32,X13+(R13*'vertical grid'!H13)) -> 60.545705 | Z12: =(IF('RAOB Used for Calcs'!L12=1,AVERAGE(X11:X12),AVERAGE(X11:X13)))*'RAOB Used for Calcs'!N12 -> 60.545705 | AA12: =SUM(AB1:AB600) -> 2927.6492 | AB12: =(V12*'vertical grid'!H12)+((0.5*P12)*('vertical grid'!H12*'vertical grid'!H12)) -> 0 | AC12: =SUM(AD1:AD600) -> 8885.3942 | AD12: =(Z12*'vertical grid'!H12)+((0.5*R12)*('vertical grid'!H12*'vertical grid'!H12)) -> 0 | AF12: =IF(AB12=0, AB12/0, SUM(AB12:$AB$600)) -> #DIV/0! | AH12: =IF(AD12=0, AD12/0, SUM(AD12:$AD$600)) -> #DIV/0! | AJ12: =IF('RAOB Used for Calcs'!N13=1,AB12/(B12-B11),B12/0) -> 0 | AL12: =IF('RAOB Used for Calcs'!N13=1, AD12/(B12-B11), B12/0) -> 0
B13: =IF('RAOB Used for Calcs'!N13=1,'RAOB Used for Calcs'!C13,0) -> 914 | D13: =Vz!K13 -> 0.44527885 | F13: ='P,T'!J13 -> 1.1317869 | H13: ='wind velocity'!J13-T13 -> -49.712351 | J13: ='wind velocity'!N13-X13 -> -65.505839 | L13: =IF('RAOB Used for Calcs'!N13=1,(0.5)*F13*$K$12*D13*(H13*ABS(H13)),0) -> -3.3823667 | N13: =IF('RAOB Used for Calcs'!N13=1,(0.5)*F13*$K$12*D13*(J13*ABS(J13)),0) -> -5.8728934 | P13: =IF('RAOB Used for Calcs'!N13=1,L13/$O$9,0) -> -3.3823667 | R13: =IF('RAOB Used for Calcs'!N13=1,N13/$O$9,0) -> -5.8728934 | T13: =IF('RAOB Used for Calcs'!L13=1,'particle parameters'!$B$31,T14+(P14*'vertical grid'!H14)) -> 55.619745 | V13: =(IF('RAOB Used for Calcs'!L13=1, AVERAGE(T12:T13), AVERAGE(T12:T14))*'RAOB Used for Calcs'!N13) -> 55.619745 | X13: =IF('RAOB Used for Calcs'!L13=1,'particle parameters'!$B$32,X14+(R14*'vertical grid'!H14)) -> 60.545705 | Z13: =(IF('RAOB Used for Calcs'!L13=1,AVERAGE(X12:X13),AVERAGE(X12:X14)))*'RAOB Used for Calcs'!N13 -> 60.545705 | AA13: (m) | AB13: =(V13*'vertical grid'!H13)+((0.5*P13)*('vertical grid'!H13*'vertical grid'!H13)) -> 0 | AC13: (m) | AD13: =(Z13*'vertical grid'!H13)+((0.5*R13)*('vertical grid'!H13*'vertical grid'!H13)) -> 0 | AF13: =IF(AB13=0, AB13/0, SUM(AB13:$AB$600)) -> #DIV/0! | AH13: =IF(AD13=0, AD13/0, SUM(AD13:$AD$600)) -> #DIV/0! | AJ13: =IF('RAOB Used for Calcs'!N14=1,AB13/(B13-B12),B13/0) -> 0 | AL13: =IF('RAOB Used for Calcs'!N14=1, AD13/(B13-B12), B13/0) -> 0
B14: =IF('RAOB Used for Calcs'!N14=1,'RAOB Used for Calcs'!C14,0) -> 1015.6667 | D14: =Vz!K14 -> 0.44609259 | F14: ='P,T'!J14 -> 1.1023056 | H14: ='wind velocity'!J14-T14 -> -49.716216 | J14: ='wind velocity'!N14-X14 -> -65.091267 | L14: =IF('RAOB Used for Calcs'!N14=1,(0.5)*F14*$K$12*D14*(H14*ABS(H14)),0) -> -3.3007947 | N14: =IF('RAOB Used for Calcs'!N14=1,(0.5)*F14*$K$12*D14*(J14*ABS(J14)),0) -> -5.6580636 | P14: =IF('RAOB Used for Calcs'!N14=1,L14/$O$9,0) -> -3.3007947 | R14: =IF('RAOB Used for Calcs'!N14=1,N14/$O$9,0) -> -5.6580636 | T14: =IF('RAOB Used for Calcs'!L14=1,'particle parameters'!$B$31,T15+(P15*'vertical grid'!H15)) -> 55.619745 | V14: =(IF('RAOB Used for Calcs'!L14=1, AVERAGE(T13:T14), AVERAGE(T13:T15))*'RAOB Used for Calcs'!N14) -> 55.619745 | X14: =IF('RAOB Used for Calcs'!L14=1,'particle parameters'!$B$32,X15+(R15*'vertical grid'!H15)) -> 60.545705 | Z14: =(IF('RAOB Used for Calcs'!L14=1,AVERAGE(X13:X14),AVERAGE(X13:X15)))*'RAOB Used for Calcs'!N14 -> 60.545705 | AB14: =(V14*'vertical grid'!H14)+((0.5*P14)*('vertical grid'!H14*'vertical grid'!H14)) -> 0 | AD14: =(Z14*'vertical grid'!H14)+((0.5*R14)*('vertical grid'!H14*'vertical grid'!H14)) -> 0 | AF14: =IF(AB14=0, AB14/0, SUM(AB14:$AB$600)) -> #DIV/0! | AH14: =IF(AD14=0, AD14/0, SUM(AD14:$AD$600)) -> #DIV/0! | AJ14: =IF('RAOB Used for Calcs'!N15=1,AB14/(B14-B13),B14/0) -> 0 | AL14: =IF('RAOB Used for Calcs'!N15=1, AD14/(B14-B13), B14/0) -> 0
